-- MySQL dump 10.16  Distrib 10.1.47-MariaDB, for debian-linux-gnu (x86_64)
--
-- Host: localhost    Database: server_9893_lrp
-- ------------------------------------------------------
-- Server version	10.1.47-MariaDB-0+deb9u1

/*!40101 SET @OLD_CHARACTER_SET_CLIENT=@@CHARACTER_SET_CLIENT */;
/*!40101 SET @OLD_CHARACTER_SET_RESULTS=@@CHARACTER_SET_RESULTS */;
/*!40101 SET @OLD_COLLATION_CONNECTION=@@COLLATION_CONNECTION */;
/*!40101 SET NAMES utf8mb4 */;
/*!40103 SET @OLD_TIME_ZONE=@@TIME_ZONE */;
/*!40103 SET TIME_ZONE='+00:00' */;
/*!40014 SET @OLD_UNIQUE_CHECKS=@@UNIQUE_CHECKS, UNIQUE_CHECKS=0 */;
/*!40014 SET @OLD_FOREIGN_KEY_CHECKS=@@FOREIGN_KEY_CHECKS, FOREIGN_KEY_CHECKS=0 */;
/*!40101 SET @OLD_SQL_MODE=@@SQL_MODE, SQL_MODE='NO_AUTO_VALUE_ON_ZERO' */;
/*!40111 SET @OLD_SQL_NOTES=@@SQL_NOTES, SQL_NOTES=0 */;

--
-- Table structure for table `atms`
--

DROP TABLE IF EXISTS `atms`;
/*!40101 SET @saved_cs_client     = @@character_set_client */;
/*!40101 SET character_set_client = utf8 */;
CREATE TABLE `atms` (
  `id` int(11) NOT NULL,
  `posx` float NOT NULL,
  `posy` float NOT NULL,
  `posz` float NOT NULL,
  `posrx` float NOT NULL,
  `posry` float NOT NULL,
  `posrz` float NOT NULL,
  `interior` int(11) NOT NULL DEFAULT '0',
  `world` int(11) NOT NULL DEFAULT '0',
  PRIMARY KEY (`id`)
) ENGINE=MyISAM DEFAULT CHARSET=latin1;
/*!40101 SET character_set_client = @saved_cs_client */;

--
-- Dumping data for table `atms`
--

LOCK TABLES `atms` WRITE;
/*!40000 ALTER TABLE `atms` DISABLE KEYS */;
INSERT INTO `atms` VALUES (0,2248.51,-1759.95,1014.38,0,0,-176.5,1,0),(1,1491.64,-1011.53,26.5137,0,0,-86.7,0,0),(2,1432.35,-1012,26.4837,0,0,88.7,0,0),(3,1181.14,-1354.75,13.8547,0,0,0,0,0),(4,1465.92,-1749.89,15.0353,0,0,-179.4,0,0),(5,1760.83,-1750.86,13.235,0,0,0,0,0),(6,391.069,-1805.93,7.53812,0,0,180,0,0),(7,-83.2758,-1183.58,1.42701,0,0,-20.3,0,0),(8,317.072,-158.875,999.253,0,0,0,6,10),(9,-11.9034,-30.933,1003.22,0,0,91.1,10,11),(10,318.953,-164.506,999.191,0,0,-89.4,6,20),(11,1431.32,-33.0964,1000.58,-0.999999,0.500002,179.8,1,0),(13,-1980.64,134.372,27.3275,0,0,-90.8,0,0),(14,1249.43,-1287.17,1060.79,0,0,-91.6001,1,0),(15,-37.8741,-57.3724,1003.18,0,0,88.2,6,2);
/*!40000 ALTER TABLE `atms` ENABLE KEYS */;
UNLOCK TABLES;

--
-- Table structure for table `banneds`
--

DROP TABLE IF EXISTS `banneds`;
/*!40101 SET @saved_cs_client     = @@character_set_client */;
/*!40101 SET character_set_client = utf8 */;
CREATE TABLE `banneds` (
  `id` int(11) unsigned NOT NULL AUTO_INCREMENT,
  `name` varchar(24) DEFAULT 'None',
  `ip` varchar(24) DEFAULT 'None',
  `longip` int(11) DEFAULT '0',
  `ban_expire` bigint(16) DEFAULT '0',
  `ban_date` bigint(16) DEFAULT '0',
  `last_activity_timestamp` bigint(16) DEFAULT '0',
  `admin` varchar(40) DEFAULT 'Server',
  `reason` varchar(128) DEFAULT 'None',
  PRIMARY KEY (`id`)
) ENGINE=MyISAM DEFAULT CHARSET=latin1;
/*!40101 SET character_set_client = @saved_cs_client */;

--
-- Dumping data for table `banneds`
--

LOCK TABLES `banneds` WRITE;
/*!40000 ALTER TABLE `banneds` DISABLE KEYS */;
/*!40000 ALTER TABLE `banneds` ENABLE KEYS */;
UNLOCK TABLES;

--
-- Table structure for table `bisnis`
--

DROP TABLE IF EXISTS `bisnis`;
/*!40101 SET @saved_cs_client     = @@character_set_client */;
/*!40101 SET character_set_client = utf8 */;
CREATE TABLE `bisnis` (
  `ID` int(11) NOT NULL,
  `owner` varchar(40) NOT NULL DEFAULT '-',
  `name` varchar(40) NOT NULL DEFAULT 'Bisnis',
  `price` int(11) NOT NULL DEFAULT '500000',
  `type` int(11) NOT NULL DEFAULT '1',
  `locked` int(11) NOT NULL DEFAULT '1',
  `money` int(11) NOT NULL DEFAULT '0',
  `prod` int(11) NOT NULL DEFAULT '50',
  `bprice0` int(11) NOT NULL DEFAULT '500',
  `bprice1` int(11) NOT NULL DEFAULT '500',
  `bprice2` int(11) NOT NULL DEFAULT '500',
  `bprice3` int(11) NOT NULL DEFAULT '500',
  `bprice4` int(11) NOT NULL DEFAULT '500',
  `bprice5` int(11) NOT NULL DEFAULT '500',
  `bprice6` int(11) NOT NULL DEFAULT '500',
  `bprice7` int(11) NOT NULL DEFAULT '500',
  `bprice8` int(11) NOT NULL DEFAULT '500',
  `bprice9` int(11) NOT NULL DEFAULT '500',
  `bint` int(11) NOT NULL DEFAULT '0',
  `extposx` float NOT NULL DEFAULT '0',
  `extposy` float NOT NULL DEFAULT '0',
  `extposz` float NOT NULL DEFAULT '0',
  `extposa` float NOT NULL DEFAULT '0',
  `intposx` float NOT NULL DEFAULT '0',
  `intposy` float NOT NULL DEFAULT '0',
  `intposz` float NOT NULL DEFAULT '0',
  `intposa` float NOT NULL DEFAULT '0',
  `pointx` float DEFAULT '0',
  `pointy` float DEFAULT '0',
  `pointz` float DEFAULT '0',
  `visit` bigint(16) NOT NULL DEFAULT '0',
  `restock` tinyint(2) NOT NULL DEFAULT '0',
  PRIMARY KEY (`ID`)
) ENGINE=MyISAM DEFAULT CHARSET=latin1;
/*!40101 SET character_set_client = @saved_cs_client */;

--
-- Dumping data for table `bisnis`
--

LOCK TABLES `bisnis` WRITE;
/*!40000 ALTER TABLE `bisnis` DISABLE KEYS */;
INSERT INTO `bisnis` VALUES (0,'Aero_Zevalio','Idlewood',1,2,0,2188,977,50,50,50,500,350,350,200,200,350,200,10,1833.78,-1842.66,13.5781,269.786,5.73,-31.04,1003.54,355.73,1.98436,-28.7574,1003.55,1682246394,0),(1,'Aero_Zevalio','Temple',1,1,0,852,988,100,100,100,100,0,0,0,0,0,0,5,1199.38,-918.13,43.1225,5.77455,372.34,-133.25,1001.49,4.8,374.716,-119.309,1001.5,0,0),(2,'-','Idlewood',100000,1,1,0,0,0,0,0,0,0,0,0,0,0,0,5,2105.49,-1806.54,13.5547,273.441,372.34,-133.25,1001.49,4.8,0,0,0,0,0),(3,'-','Market',100000,4,1,0,0,0,0,0,0,0,0,0,0,0,0,4,1133.33,-1370.03,13.9844,357.443,285.93,-86,1001.52,352.95,0,0,0,0,0),(4,'-','Market',100000,3,1,0,0,0,0,0,0,0,0,0,0,0,0,15,1126.28,-1370.03,13.9844,4.33644,207.55,-110.67,1005.13,0.159999,0,0,0,0,0),(5,'-','Market',100000,2,1,0,0,0,0,0,0,0,0,0,0,0,0,6,1119.01,-1370.03,13.9844,358.383,-26.68,-57.92,1003.54,357.58,0,0,0,0,0);
/*!40000 ALTER TABLE `bisnis` ENABLE KEYS */;
UNLOCK TABLES;

--
-- Table structure for table `dealership`
--

DROP TABLE IF EXISTS `dealership`;
/*!40101 SET @saved_cs_client     = @@character_set_client */;
/*!40101 SET character_set_client = utf8 */;
CREATE TABLE `dealership` (
  `ID` int(11) NOT NULL AUTO_INCREMENT,
  `owner` varchar(40) CHARACTER SET latin1 NOT NULL DEFAULT '-',
  `ownerid` int(11) NOT NULL,
  `name` varchar(40) CHARACTER SET latin1 NOT NULL DEFAULT 'Dealership',
  `price` int(11) NOT NULL DEFAULT '1',
  `type` int(11) NOT NULL DEFAULT '1',
  `locked` int(11) NOT NULL DEFAULT '1',
  `money` int(11) NOT NULL DEFAULT '0',
  `stock` int(11) NOT NULL DEFAULT '100',
  `posx` float NOT NULL DEFAULT '0',
  `posy` float NOT NULL DEFAULT '0',
  `posz` float NOT NULL DEFAULT '0',
  `posa` float NOT NULL DEFAULT '0',
  `pointx` float DEFAULT '0',
  `pointy` float DEFAULT '0',
  `pointz` float DEFAULT '0',
  `restock` tinyint(2) NOT NULL DEFAULT '0',
  PRIMARY KEY (`ID`)
) ENGINE=InnoDB AUTO_INCREMENT=4 DEFAULT CHARSET=utf8mb4;
/*!40101 SET character_set_client = @saved_cs_client */;

--
-- Dumping data for table `dealership`
--

LOCK TABLES `dealership` WRITE;
/*!40000 ALTER TABLE `dealership` DISABLE KEYS */;
INSERT INTO `dealership` VALUES (2,'Dave_Mustaine',2,'El Corona',40000,1,1,140000,95,1847.58,-1871.66,13.5781,261.768,1839.77,-1864.27,13.3897,0),(3,'-',0,'Idlewood',0,1,1,0,100,1814.08,-1845.96,13.5781,70.9719,0,0,0,0);
/*!40000 ALTER TABLE `dealership` ENABLE KEYS */;
UNLOCK TABLES;

--
-- Table structure for table `doors`
--

DROP TABLE IF EXISTS `doors`;
/*!40101 SET @saved_cs_client     = @@character_set_client */;
/*!40101 SET character_set_client = utf8 */;
CREATE TABLE `doors` (
  `ID` int(11) NOT NULL,
  `name` varchar(50) DEFAULT 'None',
  `password` varchar(50) DEFAULT '',
  `icon` int(11) DEFAULT '19130',
  `locked` int(11) NOT NULL DEFAULT '0',
  `admin` int(11) NOT NULL DEFAULT '0',
  `vip` int(11) NOT NULL DEFAULT '0',
  `faction` int(11) NOT NULL DEFAULT '0',
  `family` int(11) NOT NULL DEFAULT '-1',
  `garage` tinyint(3) NOT NULL DEFAULT '0',
  `custom` int(11) NOT NULL DEFAULT '0',
  `extvw` int(11) DEFAULT '0',
  `extint` int(11) DEFAULT '0',
  `extposx` float DEFAULT '0',
  `extposy` float DEFAULT '0',
  `extposz` float DEFAULT '0',
  `extposa` float DEFAULT '0',
  `intvw` int(11) DEFAULT '0',
  `intint` int(11) NOT NULL DEFAULT '0',
  `intposx` float DEFAULT '0',
  `intposy` float DEFAULT '0',
  `intposz` float DEFAULT '0',
  `intposa` float DEFAULT '0',
  PRIMARY KEY (`ID`)
) ENGINE=MyISAM DEFAULT CHARSET=latin1;
/*!40101 SET character_set_client = @saved_cs_client */;

--
-- Dumping data for table `doors`
--

LOCK TABLES `doors` WRITE;
/*!40000 ALTER TABLE `doors` DISABLE KEYS */;
INSERT INTO `doors` VALUES (0,'San Andreas Police Departement','',19130,0,0,0,0,-1,0,1,0,0,1555.3,-1675.69,16.1953,87.1144,1,10,246.647,107.377,1003.22,6.4186),(1,'San Andreas Police Departement','',19130,0,0,0,1,0,0,1,0,0,1565.02,-1666.76,28.3956,3.67237,1,10,218.357,123.536,1007.21,268.826),(2,'San Andreas Police Departement','',19130,0,0,0,1,-1,0,1,0,0,1568.68,-1690.12,6.21875,184.131,1,10,227.079,117.713,999.033,85.7161),(3,'City Hall','',19130,0,0,0,0,-1,0,1,0,0,1480.88,-1772.04,18.7958,358.994,0,1,1387.53,-12.5137,1000.98,274.657),(4,'San Andreas Goverment Service','',19130,0,0,0,2,-1,0,1,0,0,1485.14,-1824.97,13.5469,183.735,0,1,1405.66,-12.4833,1000.98,187.405),(8,'ASGH Medical Departement','',19130,0,0,0,0,-1,0,1,0,0,1172.19,-1321.44,15.3988,278.82,0,1,1429.34,-13.8795,1000.92,263.117),(9,'ASGH Medical Departement','',19130,0,0,0,0,-1,0,1,0,0,1144.88,-1324.18,13.5853,78.0049,0,1,1458.09,-32.89,1000.92,2.44448),(10,'ASGH Medical Departement','',19130,0,0,0,3,-1,0,1,0,0,1163.41,-1329.97,31.4847,12.2057,0,1,1445.18,6.96744,1004.57,181.023),(11,'San Andreas News Agency','',19130,0,0,0,0,-1,0,1,0,0,649.092,-1360.59,14.0034,96.0664,0,1,2451.8,2282.38,91.6744,232.272),(12,'San Andreas News Agency Studio','',19130,0,0,0,0,-1,0,1,0,0,740.15,-1351.26,14.7142,265.1,0,1,248.441,1783.74,701.086,196.479),(13,'Bank Los Santos','',19130,0,0,0,0,-1,0,1,0,0,1464.89,-1010.09,26.8438,182.538,0,1,2248.83,-1744.54,1014.78,178.418),(14,'Taxi Longue','',19130,0,0,0,0,-1,0,1,0,0,1752.63,-1894.08,13.5574,276.873,0,1,-2158.5,642.905,1052.38,184.752),(15,'VIP Longue','',19130,0,0,1,0,-1,0,1,0,0,1797.65,-1578.89,14.0861,280.855,0,1,-4107.23,906.906,3.10072,176.818),(16,'SANEWS','',19130,0,0,0,4,-1,0,0,0,1,2473.41,2278.42,91.6868,178.715,0,0,737.634,-1353.05,25.2202,271.198),(17,'SANews Base','',19130,0,0,0,0,-1,0,0,0,1,253.447,1780.27,701.086,86.788,0,1,2467.58,2253.87,91.6868,89.1242),(18,'Black Market','',19130,0,0,0,0,-1,0,1,0,0,1566.67,23.3435,24.1641,93.6559,0,1,-3799.72,1319.11,75.5875,85.1959),(19,'Alhambra','',19130,0,0,0,0,-1,0,0,0,0,1837.03,-1682.21,13.323,87.4758,0,3,-2636.87,1402.56,906.461,12.1067),(20,'VIP Car Garage','',19130,0,0,1,0,-1,1,1,0,0,1827.26,-1538.06,13.5469,165.884,0,0,1818.76,-1537.02,13.3813,84.7065),(21,'VIP Bike Garage','',19130,0,0,1,0,-1,1,1,0,0,1754.34,-1594.77,13.537,79.0899,0,0,1753.36,-1587.71,13.3052,357.622),(22,'Pengadilan San Andreas','',19130,0,0,0,0,-1,0,1,0,0,1411.82,-1699.65,13.5395,238.772,0,1,1356.01,717.951,-15.7573,260.304),(23,'Willowfield Gym','',19130,0,0,0,0,-1,0,0,0,0,2493.03,-1958.55,13.5827,3.07504,0,6,774.372,-50.2732,1000.59,2.59314),(24,'SAN TOWER','',19130,0,1,0,0,-1,0,1,0,0,1415.48,-1300.22,13.5449,0.765661,0,0,1548.83,-1363.87,326.218,12.036),(25,'Newbie School [ OOZ ZONE ]','',19130,1,0,0,0,-1,0,0,0,0,1286.6,-1329.32,13.554,262.649,0,1,2177.65,-1010.05,1021.69,178.971),(26,'Los Santos Production','',19130,0,0,0,0,-1,0,0,0,0,694.907,-500.133,16.3359,178.709,0,1,770.935,-1108,-43.26,179.937),(35,'Department of Motor Vehicles','',19130,0,0,0,0,-1,0,0,0,0,2062.83,-1897.38,13.5538,187.697,0,3,1494.41,1303.77,1093.29,358.274),(36,'Las Venturas Schematic Factory','',19130,0,0,0,0,-1,0,0,0,0,1590.81,688.192,10.8203,89.1129,0,0,1062.31,2077.53,10.8203,357.764);
/*!40000 ALTER TABLE `doors` ENABLE KEYS */;
UNLOCK TABLES;

--
-- Table structure for table `familys`
--

DROP TABLE IF EXISTS `familys`;
/*!40101 SET @saved_cs_client     = @@character_set_client */;
/*!40101 SET character_set_client = utf8 */;
CREATE TABLE `familys` (
  `ID` int(11) NOT NULL,
  `name` varchar(50) NOT NULL DEFAULT 'None',
  `leader` varchar(50) NOT NULL DEFAULT 'None',
  `motd` varchar(100) NOT NULL DEFAULT 'None',
  `color` int(11) DEFAULT '0',
  `extposx` float DEFAULT '0',
  `extposy` float DEFAULT '0',
  `extposz` float DEFAULT '0',
  `extposa` float DEFAULT '0',
  `intposx` float DEFAULT '0',
  `intposy` float DEFAULT '0',
  `intposz` float DEFAULT '0',
  `intposa` float DEFAULT '0',
  `fint` int(11) NOT NULL DEFAULT '0',
  `Weapon1` int(11) NOT NULL DEFAULT '0',
  `Ammo1` int(11) NOT NULL DEFAULT '0',
  `Weapon2` int(11) NOT NULL DEFAULT '0',
  `Ammo2` int(11) NOT NULL DEFAULT '0',
  `Weapon3` int(11) NOT NULL DEFAULT '0',
  `Ammo3` int(11) NOT NULL DEFAULT '0',
  `Weapon4` int(11) NOT NULL DEFAULT '0',
  `Ammo4` int(11) NOT NULL DEFAULT '0',
  `Weapon5` int(11) NOT NULL DEFAULT '0',
  `Ammo5` int(11) NOT NULL DEFAULT '0',
  `Weapon6` int(11) NOT NULL DEFAULT '0',
  `Ammo6` int(11) NOT NULL DEFAULT '0',
  `Weapon7` int(11) NOT NULL DEFAULT '0',
  `Ammo7` int(11) NOT NULL DEFAULT '0',
  `Weapon8` int(11) NOT NULL DEFAULT '0',
  `Ammo8` int(11) NOT NULL DEFAULT '0',
  `Weapon9` int(11) NOT NULL DEFAULT '0',
  `Ammo9` int(11) NOT NULL DEFAULT '0',
  `Weapon10` int(11) NOT NULL DEFAULT '0',
  `Ammo10` int(11) NOT NULL DEFAULT '0',
  `safex` float DEFAULT '0',
  `safey` float DEFAULT '0',
  `safez` float DEFAULT '0',
  `money` int(11) NOT NULL DEFAULT '0',
  `marijuana` int(11) NOT NULL DEFAULT '0',
  `component` int(11) NOT NULL DEFAULT '0',
  `material` int(11) NOT NULL DEFAULT '0',
  `Weapon11` int(11) NOT NULL DEFAULT '0',
  `Ammo11` int(11) NOT NULL DEFAULT '0',
  `Weapon12` int(11) NOT NULL DEFAULT '0',
  `Ammo12` int(11) NOT NULL DEFAULT '0',
  `Weapon13` int(11) NOT NULL DEFAULT '0',
  `Ammo13` int(11) NOT NULL DEFAULT '0',
  `Weapon14` int(11) NOT NULL DEFAULT '0',
  `Ammo14` int(11) NOT NULL DEFAULT '0',
  `Weapon15` int(11) NOT NULL DEFAULT '0',
  `Ammo15` int(11) NOT NULL DEFAULT '0'
) ENGINE=MyISAM DEFAULT CHARSET=latin1;
/*!40101 SET character_set_client = @saved_cs_client */;

--
-- Dumping data for table `familys`
--

LOCK TABLES `familys` WRITE;
/*!40000 ALTER TABLE `familys` DISABLE KEYS */;
INSERT INTO `familys` VALUES (0,'SutharnoVercetti','Sutarno_Peter','None',0,2018.82,-1874.17,13.5469,306.882,2260.53,-682.904,1320.51,183.338,1,0,0,0,0,0,0,0,0,0,0,0,0,0,0,0,0,0,0,0,0,2255.14,-688.178,1320.51,0,0,0,0,0,0,0,0,0,0,0,0,30,611);
/*!40000 ALTER TABLE `familys` ENABLE KEYS */;
UNLOCK TABLES;

--
-- Table structure for table `garage`
--

DROP TABLE IF EXISTS `garage`;
/*!40101 SET @saved_cs_client     = @@character_set_client */;
/*!40101 SET character_set_client = utf8 */;
CREATE TABLE `garage` (
  `id` int(11) NOT NULL DEFAULT '0',
  `owner` varchar(40) CHARACTER SET latin1 NOT NULL DEFAULT '-',
  `ownerid` int(11) NOT NULL,
  `price` int(11) NOT NULL DEFAULT '50000',
  `posx` float DEFAULT '0',
  `posy` float DEFAULT '0',
  `posz` float DEFAULT '0',
  `interior` int(11) DEFAULT '0',
  `world` int(11) DEFAULT '0',
  PRIMARY KEY (`id`)
) ENGINE=InnoDB DEFAULT CHARSET=utf8;
/*!40101 SET character_set_client = @saved_cs_client */;

--
-- Dumping data for table `garage`
--

LOCK TABLES `garage` WRITE;
/*!40000 ALTER TABLE `garage` DISABLE KEYS */;
INSERT INTO `garage` VALUES (0,'Swas_Tamita',5,1,1516.86,-694.412,94.75,0,0),(1,'Aero_Zevalio',6,1,832.201,-858.065,69.9219,0,0),(2,'Sugeng_Perkoso',1,10,1820.74,-1848.57,13.4141,0,0);
/*!40000 ALTER TABLE `garage` ENABLE KEYS */;
UNLOCK TABLES;

--
-- Table structure for table `gates`
--

DROP TABLE IF EXISTS `gates`;
/*!40101 SET @saved_cs_client     = @@character_set_client */;
/*!40101 SET character_set_client = utf8 */;
CREATE TABLE `gates` (
  `ID` int(11) NOT NULL,
  `model` int(11) NOT NULL DEFAULT '0',
  `password` varchar(36) NOT NULL DEFAULT '',
  `admin` tinyint(3) NOT NULL DEFAULT '0',
  `vip` tinyint(3) NOT NULL DEFAULT '0',
  `faction` tinyint(3) NOT NULL DEFAULT '0',
  `family` int(10) NOT NULL DEFAULT '-1',
  `speed` float NOT NULL DEFAULT '2',
  `cX` float NOT NULL,
  `cY` float NOT NULL,
  `cZ` float NOT NULL,
  `cRX` float NOT NULL,
  `cRY` float NOT NULL,
  `cRZ` float NOT NULL,
  `oX` float NOT NULL,
  `oY` float NOT NULL,
  `oZ` float NOT NULL,
  `oRX` float NOT NULL,
  `oRY` float NOT NULL,
  `oRZ` float NOT NULL,
  PRIMARY KEY (`ID`)
) ENGINE=MyISAM DEFAULT CHARSET=latin1;
/*!40101 SET character_set_client = @saved_cs_client */;

--
-- Dumping data for table `gates`
--

LOCK TABLES `gates` WRITE;
/*!40000 ALTER TABLE `gates` DISABLE KEYS */;
INSERT INTO `gates` VALUES (0,980,'',0,0,1,-1,2,1539.41,-1627.56,15.0128,0,0,90.2,1539.41,-1627.56,9.51278,0,0,90.2),(1,986,'',0,0,4,-1,2,777.918,-1385.11,13.6232,0,0,0,769.928,-1385.11,13.6232,0,0,0),(2,986,'',0,0,3,-1,2,1147.43,-1290.87,13.6388,0,0,1.1,1153.97,-1290.74,13.6388,0,0,1.1),(3,968,'',0,0,0,-1,2,907.214,-1681.77,13.5469,0,89.3,88.3,907.214,-1681.77,13.5469,0,-0.200005,88.3),(4,968,'',0,0,0,-1,2,-1701.43,687.603,24.7006,-2.4,-90.6,90,-1701.43,687.603,24.7006,0,0,91.6),(5,968,'',0,0,0,-1,2,907.235,-1654.92,13.5469,0,-90.5,92.8,907.235,-1654.92,13.5469,0,0,92.8);
/*!40000 ALTER TABLE `gates` ENABLE KEYS */;
UNLOCK TABLES;

--
-- Table structure for table `gstations`
--

DROP TABLE IF EXISTS `gstations`;
/*!40101 SET @saved_cs_client     = @@character_set_client */;
/*!40101 SET character_set_client = utf8 */;
CREATE TABLE `gstations` (
  `id` int(11) NOT NULL DEFAULT '0',
  `stock` int(11) NOT NULL DEFAULT '10000',
  `posx` float DEFAULT '0',
  `posy` float DEFAULT '0',
  `posz` float DEFAULT '0',
  PRIMARY KEY (`id`)
) ENGINE=MyISAM DEFAULT CHARSET=latin1;
/*!40101 SET character_set_client = @saved_cs_client */;

--
-- Dumping data for table `gstations`
--

LOCK TABLES `gstations` WRITE;
/*!40000 ALTER TABLE `gstations` DISABLE KEYS */;
INSERT INTO `gstations` VALUES (0,7915,1937.56,-1772.77,13.3828),(1,7990,1944.66,-1772.42,13.3906),(2,7800,-96.0828,-1160.66,2.18832),(3,7600,-93.6488,-1174.95,2.26908),(4,7683,1004.67,-940.464,42.1797),(5,7463,1004.12,-933.524,42.1797),(6,10740,658.764,-565.936,16.3359),(7,7350,-89.2822,-1163.46,1.82658),(8,10000,-2550.52,2351.71,4.98438),(9,10000,-2550.41,2356.71,4.98438),(10,2009,-2408.15,975.992,45.2969),(11,2000,-2413.44,976.201,45.2969);
/*!40000 ALTER TABLE `gstations` ENABLE KEYS */;
UNLOCK TABLES;

--
-- Table structure for table `houses`
--

DROP TABLE IF EXISTS `houses`;
/*!40101 SET @saved_cs_client     = @@character_set_client */;
/*!40101 SET character_set_client = utf8 */;
CREATE TABLE `houses` (
  `ID` int(11) NOT NULL,
  `owner` varchar(50) NOT NULL DEFAULT '-',
  `address` varchar(50) DEFAULT 'None',
  `price` int(11) NOT NULL DEFAULT '500000',
  `type` int(11) NOT NULL DEFAULT '1',
  `locked` int(11) NOT NULL DEFAULT '1',
  `money` int(11) NOT NULL DEFAULT '0',
  `houseint` int(11) NOT NULL DEFAULT '0',
  `extposx` float NOT NULL DEFAULT '0',
  `extposy` float NOT NULL DEFAULT '0',
  `extposz` float NOT NULL DEFAULT '0',
  `extposa` float NOT NULL DEFAULT '0',
  `intposx` float NOT NULL DEFAULT '0',
  `intposy` float NOT NULL DEFAULT '0',
  `intposz` float NOT NULL DEFAULT '0',
  `intposa` float NOT NULL DEFAULT '0',
  `visit` bigint(16) DEFAULT '0',
  `houseWeapon1` int(12) DEFAULT '0',
  `houseAmmo1` int(12) DEFAULT '0',
  `houseWeapon2` int(12) DEFAULT '0',
  `houseAmmo2` int(12) DEFAULT '0',
  `houseWeapon3` int(12) DEFAULT '0',
  `houseAmmo3` int(12) DEFAULT '0',
  `houseWeapon4` int(12) DEFAULT '0',
  `houseAmmo4` int(12) DEFAULT '0',
  `houseWeapon5` int(12) DEFAULT '0',
  `houseAmmo5` int(12) DEFAULT '0',
  `houseWeapon6` int(12) DEFAULT '0',
  `houseAmmo6` int(12) DEFAULT '0',
  `houseWeapon7` int(12) DEFAULT '0',
  `houseAmmo7` int(12) DEFAULT '0',
  `houseWeapon8` int(12) DEFAULT '0',
  `houseAmmo8` int(12) DEFAULT '0',
  `houseWeapon9` int(12) DEFAULT '0',
  `houseAmmo9` int(12) DEFAULT '0',
  `houseWeapon10` int(12) DEFAULT '0',
  `houseAmmo10` int(12) DEFAULT '0',
  PRIMARY KEY (`ID`)
) ENGINE=MyISAM DEFAULT CHARSET=latin1;
/*!40101 SET character_set_client = @saved_cs_client */;

--
-- Dumping data for table `houses`
--

LOCK TABLES `houses` WRITE;
/*!40000 ALTER TABLE `houses` DISABLE KEYS */;
INSERT INTO `houses` VALUES (0,'Parrell_Abdillah','Ganton',136000,3,0,0,1,2495.36,-1691.13,14.7656,1.02431,-192.382,33.4184,1746.62,179.796,1682261507,0,0,0,0,0,0,0,0,0,0,0,0,0,0,0,0,0,0,0,0),(1,'-','Ganton',18000,1,1,0,1,2514.33,-1691.56,14.046,51.4927,845.89,-2048,1476.91,92.6,0,0,0,0,0,0,0,0,0,0,0,0,0,0,0,0,0,0,0,0,0),(2,'-','Ganton',40000,2,0,0,1,2523.25,-1679.43,15.497,90.5578,338.78,1734.95,1002.08,268.46,1611730107,0,0,0,0,0,0,0,0,0,0,0,0,0,0,0,0,0,0,0,0),(3,'-','Ganton',20000,1,1,0,1,2524.69,-1658.66,15.824,92.563,337.61,1854.1,1002.08,265.14,0,0,0,0,0,0,0,0,0,0,0,0,0,0,0,0,0,0,0,0,0),(4,'-','Ganton',18500,1,1,0,1,2513.69,-1650.26,14.3557,136.012,845.89,-2048,1476.91,92.6,0,0,0,0,0,0,0,0,0,0,0,0,0,0,0,0,0,0,0,0,0),(5,'-','Ganton',18000,1,1,0,1,2498.51,-1642.27,14.1131,180.464,337.61,1854.1,1002.08,265.14,0,0,0,0,0,0,0,0,0,0,0,0,0,0,0,0,0,0,0,0,0),(6,'-','Ganton',65000,2,1,0,1,2486.49,-1644.54,14.0772,179.796,234.799,236.93,999.231,0,0,0,0,0,0,0,0,0,0,0,0,0,0,0,0,0,0,0,0,0,0),(7,'-','Ganton',25000,1,1,0,1,2469.45,-1646.36,13.7801,180.799,338.29,1794.87,1002.17,269.09,1611723597,0,0,0,0,0,0,0,0,0,0,0,0,0,0,0,0,0,0,0,0),(8,'-','Ganton',85000,2,0,0,1,2459.38,-1691.65,13.5469,1.94873,338.78,1734.95,1002.08,268.46,0,0,0,0,0,0,0,0,0,0,0,0,0,0,0,0,0,0,0,0,0),(9,'-','Ganton',24000,1,1,0,1,2451.91,-1641.42,14.0662,184.102,337.61,1854.1,1002.08,265.14,0,0,0,0,0,0,0,0,0,0,0,0,0,0,0,0,0,0,0,0,0),(10,'-','Ganton',34000,2,1,0,1,2413.98,-1646.81,14.0119,182.096,736.03,1672.08,501.08,356.23,0,0,0,0,0,0,0,0,0,0,0,0,0,0,0,0,0,0,0,0,0),(11,'-','Ganton',30000,1,1,0,1,2409.01,-1674.92,14.375,1.467,338.29,1794.87,1002.17,269.09,0,0,0,0,0,0,0,0,0,0,0,0,0,0,0,0,0,0,0,0,0),(12,'-','Ganton',26000,1,1,0,1,2384.57,-1675.82,15.2457,0.424284,845.89,-2048,1476.91,92.6,0,0,0,0,0,0,0,0,0,0,0,0,0,0,0,0,0,0,0,0,0),(13,'-','Ganton',18500,1,1,0,1,2393.19,-1646.04,13.9051,182.617,338.29,1794.87,1002.17,269.09,0,0,0,0,0,0,0,0,0,0,0,0,0,0,0,0,0,0,0,0,0),(14,'-','Ganton',42000,2,1,0,1,2362.88,-1643.16,14.3516,178.606,338.78,1734.95,1002.08,268.46,0,0,0,0,0,0,0,0,0,0,0,0,0,0,0,0,0,0,0,0,0),(15,'-','Ganton',21000,1,1,0,1,2368.28,-1675.29,14.1682,359.796,845.89,-2048,1476.91,92.6,0,0,0,0,0,0,0,0,0,0,0,0,0,0,0,0,0,0,0,0,0),(16,'-','Ganton',37500,2,1,0,1,2326.89,-1681.96,14.9297,271.56,351.59,1669.31,1002.17,176.03,0,0,0,0,0,0,0,0,0,0,0,0,0,0,0,0,0,0,0,0,0),(17,'-','Ganton',20000,1,1,0,1,2307.03,-1679.18,14.3316,4.14085,338.29,1794.87,1002.17,269.09,0,0,0,0,0,0,0,0,0,0,0,0,0,0,0,0,0,0,0,0,0),(18,'-','Ganton',17300,1,1,0,1,2282.34,-1641.24,15.8898,178.98,845.89,-2048,1476.91,92.6,0,0,0,0,0,0,0,0,0,0,0,0,0,0,0,0,0,0,0,0,0),(19,'-','Paradiso',120000,3,0,0,1,-2655.67,986.026,64.9913,1.00464,4577.82,-2527.82,5.28,262.63,0,0,0,0,0,0,0,0,0,0,0,0,0,0,0,0,0,0,0,0,0),(21,'-','Ganton',17000,1,1,0,1,2308.91,-1714.36,14.9801,181.715,845.89,-2048,1476.91,92.6,0,0,0,0,0,0,0,0,0,0,0,0,0,0,0,0,0,0,0,0,0),(22,'-','Ganton',17000,1,1,0,1,2326.8,-1716.74,14.2379,178.707,337.61,1854.1,1002.08,265.14,0,0,0,0,0,0,0,0,0,0,0,0,0,0,0,0,0,0,0,0,0),(23,'-','Ganton',37000,2,1,0,1,2385.43,-1711.67,14.2422,181.676,351.59,1669.31,1002.17,176.03,0,46,1,24,200,0,0,0,0,0,0,0,0,0,0,0,0,0,0,0,0),(24,'-','Ganton',20000,1,1,0,1,2402.6,-1715.01,14.1328,181.007,845.89,-2048,1476.91,92.6,0,0,0,0,0,0,0,0,0,0,0,0,0,0,0,0,0,0,0,0,0),(25,'-','Idlewood',23000,1,1,0,1,2067.06,-1731.58,14.2066,270.796,337.61,1854.1,1002.08,265.14,0,0,0,0,0,0,0,0,0,0,0,0,0,0,0,0,0,0,0,0,0),(26,'-','Idlewood',14000,1,1,0,1,2066.27,-1717.08,14.1363,271.799,337.61,1854.1,1002.08,265.14,0,0,0,0,0,0,0,0,0,0,0,0,0,0,0,0,0,0,0,0,0),(27,'-','Idlewood',50000,2,1,0,1,2065.11,-1703.53,14.1484,270.462,338.78,1734.95,1002.08,268.46,1607490123,0,0,0,0,0,0,0,0,0,0,0,0,0,0,0,0,0,0,0,0),(28,'-','Idlewood',17800,1,1,0,1,2066.75,-1656.57,14.1328,270.462,338.29,1794.87,1002.17,269.09,0,0,0,0,0,0,0,0,0,0,0,0,0,0,0,0,0,0,0,0,0),(29,'-','Idlewood',26000,1,1,0,1,2067.6,-1643.79,14.1363,270.462,338.29,1794.87,1002.17,269.09,0,0,0,0,0,0,0,0,0,0,0,0,0,0,0,0,0,0,0,0,0),(30,'-','Idlewood',26000,1,1,0,1,2067.72,-1628.85,14.2066,273.136,845.89,-2048,1476.91,92.6,0,0,0,0,0,0,0,0,0,0,0,0,0,0,0,0,0,0,0,0,0),(31,'-','Idlewood',21000,1,1,0,1,2018.04,-1629.92,14.0426,89.2724,845.89,-2048,1476.91,92.6,0,0,0,0,0,0,0,0,0,0,0,0,0,0,0,0,0,0,0,0,0),(32,'-','Idlewood',26800,1,1,0,1,2016.53,-1641.69,14.1129,89.2724,845.89,-2048,1476.91,92.6,0,0,0,0,0,0,0,0,0,0,0,0,0,0,0,0,0,0,0,0,0),(33,'-','Idlewood',26800,1,1,0,1,2013.57,-1656.41,14.1363,89.9409,337.61,1854.1,1002.08,265.14,0,0,0,0,0,0,0,0,0,0,0,0,0,0,0,0,0,0,0,0,0),(34,'-','Idlewood',42100,2,1,0,1,2018.21,-1703.2,14.2344,87.6014,736.03,1672.08,501.08,356.23,0,0,0,0,0,0,0,0,0,0,0,0,0,0,0,0,0,0,0,0,0),(35,'-','Idlewood',18000,1,0,0,1,2016.19,-1717.04,14.125,90.2752,337.61,1854.1,1002.08,265.14,1608086187,0,0,0,0,0,0,0,0,0,0,0,0,0,0,0,0,0,0,0,0),(36,'-','Idlewood',28500,1,1,0,1,2015.34,-1732.65,14.2344,90.9437,338.29,1794.87,1002.17,269.09,1608033509,0,0,0,0,0,0,0,0,0,0,0,0,0,0,0,0,0,0,0,0),(37,'-','Idlewood',150000,3,0,0,1,1980.41,-1718.9,17.0303,269.42,1263.68,-605.3,1001.08,189.5,0,24,63,0,0,0,0,0,0,0,0,0,0,0,0,0,0,0,0,0,0),(38,'-','Idlewood',103000,3,1,0,1,1981.02,-1682.9,17.0538,269.086,1855.38,-1709.12,1720.06,273.58,0,0,0,0,0,0,0,0,0,0,0,0,0,0,0,0,0,0,0,0,0),(39,'-','Jefferson',155000,3,1,0,1,2148.93,-1484.88,26.6241,90.3447,1855.38,-1709.12,1720.06,273.58,0,0,0,0,0,0,0,0,0,0,0,0,0,0,0,0,0,0,0,0,0),(40,'-','Jefferson',16000,1,1,0,1,2146.76,-1470.47,26.0426,93.0186,337.61,1854.1,1002.08,265.14,0,0,0,0,0,0,0,0,0,0,0,0,0,0,0,0,0,0,0,0,0),(41,'-','Jefferson',25900,1,1,0,1,2152.2,-1446.38,26.1051,91.6816,338.29,1794.87,1002.17,269.09,0,0,0,0,0,0,0,0,0,0,0,0,0,0,0,0,0,0,0,0,0),(42,'-','Jefferson',25000,1,1,0,1,2149.84,-1433.71,26.0703,88.3001,337.61,1854.1,1002.08,265.14,0,0,0,0,0,0,0,0,0,0,0,0,0,0,0,0,0,0,0,0,0),(43,'-','Jefferson',28000,1,1,0,1,2150.91,-1419.04,25.9219,89.6369,338.29,1794.87,1002.17,269.09,0,0,0,0,0,0,0,0,0,0,0,0,0,0,0,0,0,0,0,0,0),(44,'-','Jefferson',20000,1,1,0,1,2151.17,-1400.64,26.1285,87.9266,337.61,1854.1,1002.08,265.14,0,0,0,0,0,0,0,0,0,0,0,0,0,0,0,0,0,0,0,0,0),(45,'-','Jefferson',16300,1,1,0,1,2196.23,-1404.08,25.9488,271.804,845.89,-2048,1476.91,92.6,0,0,0,0,0,0,0,0,0,0,0,0,0,0,0,0,0,0,0,0,0),(46,'-','Jefferson',22000,1,1,0,1,2188.56,-1419.28,26.1562,272.473,337.61,1854.1,1002.08,265.14,0,0,0,0,0,0,0,0,0,0,0,0,0,0,0,0,0,0,0,0,0),(47,'-','Jefferson',22000,1,1,0,1,2194.39,-1443.05,26.0738,269.377,845.89,-2048,1476.91,92.6,0,0,0,0,0,0,0,0,0,0,0,0,0,0,0,0,0,0,0,0,0),(48,'-','Jefferson',25000,1,1,0,1,2191.15,-1455.81,26,267.372,845.89,-2048,1476.91,92.6,0,0,0,0,0,0,0,0,0,0,0,0,0,0,0,0,0,0,0,0,0),(49,'-','Jefferson',28000,1,1,0,1,2190.48,-1470.33,25.9141,270.38,337.61,1854.1,1002.08,265.14,0,0,0,0,0,0,0,0,0,0,0,0,0,0,0,0,0,0,0,0,0),(50,'-','Jefferson',22400,1,1,0,1,2190.38,-1487.63,26.1051,270.046,337.61,1854.1,1002.08,265.14,0,0,0,0,0,0,0,0,0,0,0,0,0,0,0,0,0,0,0,0,0),(51,'-','Jefferson',15000,1,1,0,1,2232.66,-1469.35,24.5816,3.80236,338.29,1794.87,1002.17,269.09,0,0,0,0,0,0,0,0,0,0,0,0,0,0,0,0,0,0,0,0,0),(52,'-','Jefferson',15000,1,1,0,1,2247.64,-1469.37,24.4801,181.797,338.29,1794.87,1002.17,269.09,0,0,0,0,0,0,0,0,0,0,0,0,0,0,0,0,0,0,0,0,0),(53,'-','Jefferson',15000,1,1,0,1,2263.91,-1469.36,24.3707,180.124,338.29,1794.87,1002.17,269.09,0,0,0,0,0,0,0,0,0,0,0,0,0,0,0,0,0,0,0,0,0),(54,'-','Jefferson',18800,1,1,0,1,2256.5,-1397.23,24.5738,359.643,337.61,1854.1,1002.08,265.14,0,0,0,0,0,0,0,0,0,0,0,0,0,0,0,0,0,0,0,0,0),(55,'-','Jefferson',15000,1,1,0,1,2243.46,-1397.21,24.5738,359.643,338.29,1794.87,1002.17,269.09,0,0,0,0,0,0,0,0,0,0,0,0,0,0,0,0,0,0,0,0,0),(56,'-','Jefferson',15000,1,1,0,1,2230.47,-1397.11,24.5738,2.4812,338.29,1794.87,1002.17,269.09,0,0,0,0,0,0,0,0,0,0,0,0,0,0,0,0,0,0,0,0,0),(57,'-','Jefferson',19000,1,1,0,1,2202.72,-1363.7,26.191,179.064,338.29,1794.87,1002.17,269.09,0,0,0,0,0,0,0,0,0,0,0,0,0,0,0,0,0,0,0,0,0),(58,'-','Jefferson',19000,1,1,0,1,2185.19,-1363.72,26.1598,177.059,338.29,1794.87,1002.17,269.09,0,0,0,0,0,0,0,0,0,0,0,0,0,0,0,0,0,0,0,0,0),(59,'-','Jefferson',19000,1,1,0,1,2147.68,-1366.16,25.9723,177.656,337.61,1854.1,1002.08,265.14,0,0,0,0,0,0,0,0,0,0,0,0,0,0,0,0,0,0,0,0,0),(60,'-','Jefferson',22500,1,1,0,1,2129.53,-1361.7,26.1363,177.656,845.89,-2048,1476.91,92.6,0,0,0,0,0,0,0,0,0,0,0,0,0,0,0,0,0,0,0,0,0),(61,'-','Jefferson',35000,1,1,0,1,2100.88,-1321.88,25.9531,357.388,337.61,1854.1,1002.08,265.14,1608205902,5,1,0,0,0,0,0,0,0,0,0,0,0,0,0,0,0,0,0,0),(62,'-','Jefferson',115000,3,1,0,1,2126.7,-1320.84,26.6241,359.354,1224.34,-749.22,1085.72,265.59,0,0,0,0,0,0,0,0,0,0,0,0,0,0,0,0,0,0,0,0,0),(63,'-','Jefferson',32000,1,1,0,1,2148.56,-1320.06,26.0738,359.688,845.89,-2048,1476.91,92.6,0,0,0,0,0,0,0,0,0,0,0,0,0,0,0,0,0,0,0,0,0),(64,'-','Jefferson',40000,1,1,0,1,2250.13,-1280.06,25.4766,180.504,337.61,1854.1,1002.08,265.14,0,15,1,0,0,0,0,0,0,0,0,0,0,0,0,0,0,0,0,0,0),(65,'-','Jefferson',21000,1,1,0,1,2229.98,-1280.12,25.6285,180.504,337.61,1854.1,1002.08,265.14,0,0,0,0,0,0,0,0,0,0,0,0,0,0,0,0,0,0,0,0,0),(66,'-','Jefferson',25800,1,1,0,1,2207.93,-1280.84,25.1207,179.54,845.89,-2048,1476.91,92.6,0,0,0,0,0,0,0,0,0,0,0,0,0,0,0,0,0,0,0,0,0),(67,'-','Jefferson',38000,1,1,0,1,2191.63,-1275.62,25.1562,178.872,338.29,1794.87,1002.17,269.09,0,0,0,0,0,0,0,0,0,0,0,0,0,0,0,0,0,0,0,0,0),(68,'-','Jefferson',18000,1,1,0,1,2150.22,-1285.08,24.5269,178.538,337.61,1854.1,1002.08,265.14,0,0,0,0,0,0,0,0,0,0,0,0,0,0,0,0,0,0,0,0,0),(69,'-','Jefferson',35000,1,1,0,1,2132.29,-1280.07,25.8906,178.872,338.29,1794.87,1002.17,269.09,0,0,0,0,0,0,0,0,0,0,0,0,0,0,0,0,0,0,0,0,0),(70,'-','Jefferson',24000,1,1,0,1,2111.24,-1279.01,25.8359,179.875,337.61,1854.1,1002.08,265.14,0,0,0,0,0,0,0,0,0,0,0,0,0,0,0,0,0,0,0,0,0),(71,'-','Jefferson',32000,1,1,0,1,2091.11,-1277.87,26.1797,176.532,338.29,1794.87,1002.17,269.09,0,0,0,0,0,0,0,0,0,0,0,0,0,0,0,0,0,0,0,0,0),(72,'-','Jefferson',17500,1,1,0,1,2090.73,-1235.17,26.0191,358.351,338.29,1794.87,1002.17,269.09,0,0,0,0,0,0,0,0,0,0,0,0,0,0,0,0,0,0,0,0,0),(73,'-','Jefferson',33500,1,1,0,1,2110.97,-1244.36,25.8516,0.356081,337.61,1854.1,1002.08,265.14,0,0,0,0,0,0,0,0,0,0,0,0,0,0,0,0,0,0,0,0,0),(74,'-','Jefferson',15000,1,1,0,1,2133.46,-1232.81,24.4219,3.23307,338.29,1794.87,1002.17,269.09,0,0,0,0,0,0,0,0,0,0,0,0,0,0,0,0,0,0,0,0,0),(75,'-','Jefferson',29000,1,1,0,1,2153.84,-1243.65,25.3672,359.899,845.89,-2048,1476.91,92.6,0,0,0,0,0,0,0,0,0,0,0,0,0,0,0,0,0,0,0,0,0),(76,'-','Jefferson',19000,1,1,0,1,2191.82,-1239.23,24.4879,2.51412,338.29,1794.87,1002.17,269.09,0,0,0,0,0,0,0,0,0,0,0,0,0,0,0,0,0,0,0,0,0),(77,'-','Jefferson',20000,1,1,0,1,2209.82,-1240.23,24.4801,359.354,338.29,1794.87,1002.17,269.09,0,0,0,0,0,0,0,0,0,0,0,0,0,0,0,0,0,0,0,0,0),(78,'-','Jefferson',32700,1,1,0,1,2229.62,-1241.58,25.6562,359.688,337.61,1854.1,1002.08,265.14,0,0,0,0,0,0,0,0,0,0,0,0,0,0,0,0,0,0,0,0,0),(79,'-','Jefferson',34100,1,1,0,1,2249.91,-1238.88,25.8984,359.688,845.89,-2048,1476.91,92.6,0,0,0,0,0,0,0,0,0,0,0,0,0,0,0,0,0,0,0,0,0),(80,'-','Jefferson',27400,1,1,0,1,2091.83,-1184.31,27.0571,181.012,338.29,1794.87,1002.17,269.09,0,0,0,0,0,0,0,0,0,0,0,0,0,0,0,0,0,0,0,0,0),(81,'-','Jefferson',29500,1,1,0,1,2092.2,-1166.59,26.5859,90.7712,338.29,1794.87,1002.17,269.09,0,0,0,0,0,0,0,0,0,0,0,0,0,0,0,0,0,0,0,0,0),(82,'-','Jefferson',24700,1,1,0,1,2095.22,-1145.17,26.5929,96.862,337.61,1854.1,1002.08,265.14,0,0,0,0,0,0,0,0,0,0,0,0,0,0,0,0,0,0,0,0,0),(83,'-','Las Colinas',21500,1,1,0,1,2094.1,-1122.7,27.6899,180.344,845.89,-2048,1476.91,92.6,0,0,0,0,0,0,0,0,0,0,0,0,0,0,0,0,0,0,0,0,0),(84,'-','Glen Park',24000,1,1,0,1,2045.46,-1116.61,26.3617,1.45455,337.61,1854.1,1002.08,265.14,0,0,0,0,0,0,0,0,0,0,0,0,0,0,0,0,0,0,0,0,0),(85,'-','Glen Park',20000,1,1,0,1,2022.82,-1120.3,26.421,178.968,845.89,-2048,1476.91,92.6,0,0,0,0,0,0,0,0,0,0,0,0,0,0,0,0,0,0,0,0,0),(86,'-','Glen Park',28000,1,1,0,1,2000.15,-1114.09,27.125,180.305,338.29,1794.87,1002.17,269.09,0,0,0,0,0,0,0,0,0,0,0,0,0,0,0,0,0,0,0,0,0),(87,'-','Glen Park',20000,1,1,0,1,1955.14,-1115.34,27.8305,269.208,845.89,-2048,1476.91,92.6,0,0,0,0,0,0,0,0,0,0,0,0,0,0,0,0,0,0,0,0,0),(88,'-','Glen Park',22000,1,1,0,1,1939.12,-1114.51,27.4523,180.303,338.29,1794.87,1002.17,269.09,0,0,0,0,0,0,0,0,0,0,0,0,0,0,0,0,0,0,0,0,0),(89,'-','Glen Park',18000,1,1,0,1,1921.33,-1115.12,27.0883,269.837,845.89,-2048,1476.91,92.6,0,0,0,0,0,0,0,0,0,0,0,0,0,0,0,0,0,0,0,0,0),(90,'-','Glen Park',22300,1,1,0,1,1906.01,-1112.94,26.6641,180.923,337.61,1854.1,1002.08,265.14,0,0,0,0,0,0,0,0,0,0,0,0,0,0,0,0,0,0,0,0,0),(91,'-','Glen Park',21700,1,1,0,1,1885.91,-1113.55,26.2758,273.18,338.29,1794.87,1002.17,269.09,0,0,0,0,0,0,0,0,0,0,0,0,0,0,0,0,0,0,0,0,0),(92,'-','Las Colinas',23000,1,1,0,1,2023.09,-1052.88,25.5961,241.738,845.89,-2048,1476.91,92.6,0,0,0,0,0,0,0,0,0,0,0,0,0,0,0,0,0,0,0,0,0),(93,'-','Las Colinas',18500,1,1,0,1,2035.89,-1059.21,25.6508,242.741,338.29,1794.87,1002.17,269.09,0,0,0,0,0,0,0,0,0,0,0,0,0,0,0,0,0,0,0,0,0),(94,'-','Las Colinas',18500,1,1,0,1,2050.77,-1065.68,25.7836,245.749,338.29,1794.87,1002.17,269.09,0,0,0,0,0,0,0,0,0,0,0,0,0,0,0,0,0,0,0,0,0),(95,'-','Las Colinas',42500,2,1,0,1,2061.07,-1075.37,25.6727,155.174,736.03,1672.08,501.08,356.23,0,0,0,0,0,0,0,0,0,0,0,0,0,0,0,0,0,0,0,0,0),(96,'-','Las Colinas',28700,1,1,0,1,2091.66,-1068.25,28.0737,321.92,337.61,1854.1,1002.08,265.14,0,0,0,0,0,0,0,0,0,0,0,0,0,0,0,0,0,0,0,0,0),(97,'-','Las Colinas',38000,2,1,0,1,2108.73,-1082.26,25.4763,320.281,736.03,1672.08,501.08,356.23,0,0,0,0,0,0,0,0,0,0,0,0,0,0,0,0,0,0,0,0,0),(98,'-','Las Colinas',17000,1,1,0,1,2083.11,-1039.73,32.188,145.147,337.61,1854.1,1002.08,265.14,0,0,0,0,0,0,0,0,0,0,0,0,0,0,0,0,0,0,0,0,0),(99,'-','Las Colinas',15000,1,1,0,1,2093.78,-1047.38,30.0619,148.155,338.29,1794.87,1002.17,269.09,0,0,0,0,0,0,0,0,0,0,0,0,0,0,0,0,0,0,0,0,0),(100,'-','Las Colinas',15000,1,1,0,1,2099.83,-1051.79,28.7808,139.131,338.29,1794.87,1002.17,269.09,0,0,0,0,0,0,0,0,0,0,0,0,0,0,0,0,0,0,0,0,0),(101,'-','Las Colinas',24000,1,1,0,1,2105.57,-1056.16,27.1315,139.131,337.61,1854.1,1002.08,265.14,0,0,0,0,0,0,0,0,0,0,0,0,0,0,0,0,0,0,0,0,0),(102,'-','Las Colinas',26000,1,1,0,1,2157.16,-1072.34,40.4708,57.5408,845.89,-2048,1476.91,92.6,0,0,0,0,0,0,0,0,0,0,0,0,0,0,0,0,0,0,0,0,0),(103,'-','Las Colinas',75000,2,1,0,1,2145.21,-1084.67,25.0121,152.795,338.78,1734.95,1002.08,268.46,0,0,0,0,0,0,0,0,0,0,0,0,0,0,0,0,0,0,0,0,0),(104,'-','Las Colinas',43000,1,1,0,1,2207.48,-1100.46,31.5547,214.454,845.89,-2048,1476.91,92.6,0,0,0,0,0,0,0,0,0,0,0,0,0,0,0,0,0,0,0,0,0),(105,'-','Las Colinas',40000,1,1,0,1,2000.24,-991.647,32.1314,219.202,845.89,-2048,1476.91,92.6,0,0,0,0,0,0,0,0,0,0,0,0,0,0,0,0,0,0,0,0,0),(106,'-','Las Colinas',32000,1,1,0,1,2015.44,-977.658,36.9531,206.836,337.61,1854.1,1002.08,265.14,0,0,0,0,0,0,0,0,0,0,0,0,0,0,0,0,0,0,0,0,0),(107,'-','Las Colinas',75000,2,1,0,1,2045.16,-965.911,44.5338,93.1655,351.59,1669.31,1002.17,176.03,0,0,0,0,0,0,0,0,0,0,0,0,0,0,0,0,0,0,0,0,0),(108,'-','Las Colinas',45000,1,1,0,1,2044.59,-991.32,43.2091,6.9354,338.29,1794.87,1002.17,269.09,0,0,0,0,0,0,0,0,0,0,0,0,0,0,0,0,0,0,0,0,0),(109,'-','Las Colinas',33000,1,1,0,1,2049.01,-987.256,44.9566,358.914,845.89,-2048,1476.91,92.6,0,0,0,0,0,0,0,0,0,0,0,0,0,0,0,0,0,0,0,0,0),(110,'-','Las Colinas',50000,2,1,0,1,2051.24,-954.814,48.0333,91.1995,351.59,1669.31,1002.17,176.03,0,0,0,0,0,0,0,0,0,0,0,0,0,0,0,0,0,0,0,0,0),(111,'-','Las Colinas',21000,1,1,0,1,2066.12,-993.16,48.7995,343.668,337.61,1854.1,1002.08,265.14,0,0,0,0,0,0,0,0,0,0,0,0,0,0,0,0,0,0,0,0,0),(112,'-','Las Colinas',28000,1,1,0,1,2073.51,-965.209,49.3664,167.492,338.29,1794.87,1002.17,269.09,0,0,0,0,0,0,0,0,0,0,0,0,0,0,0,0,0,0,0,0,0),(113,'-','Las Colinas',25000,1,1,0,1,2089.44,-996.198,53.0547,340.994,337.61,1854.1,1002.08,265.14,0,0,0,0,0,0,0,0,0,0,0,0,0,0,0,0,0,0,0,0,0),(114,'-','Las Colinas',18500,1,1,0,1,2090.75,-972.317,51.8782,214.323,338.29,1794.87,1002.17,269.09,0,0,0,0,0,0,0,0,0,0,0,0,0,0,0,0,0,0,0,0,0),(115,'-','Las Colinas',21500,1,1,0,1,2108.99,-1000.79,60.5078,342.063,338.29,1794.87,1002.17,269.09,0,0,0,0,0,0,0,0,0,0,0,0,0,0,0,0,0,0,0,0,0),(116,'-','Las Colinas',17000,1,1,0,1,2139.9,-1008.42,61.9434,342.771,337.61,1854.1,1002.08,265.14,0,0,0,0,0,0,0,0,0,0,0,0,0,0,0,0,0,0,0,0,0),(117,'-','Las Colinas',28300,1,1,0,1,2186.35,-997.319,66.4688,166.261,338.29,1794.87,1002.17,269.09,0,0,0,0,0,0,0,0,0,0,0,0,0,0,0,0,0,0,0,0,0),(118,'-','Las Colinas',15000,1,1,0,1,2208.06,-1026.55,61.3266,331.964,337.61,1854.1,1002.08,265.14,0,0,0,0,0,0,0,0,0,0,0,0,0,0,0,0,0,0,0,0,0),(119,'-','Las Colinas',33200,1,1,0,1,2218.88,-1031.75,60.2402,325.614,337.61,1854.1,1002.08,265.14,0,0,0,0,0,0,0,0,0,0,0,0,0,0,0,0,0,0,0,0,0),(120,'-','Las Colinas',26000,1,1,0,1,2249.38,-1060.33,55.9688,312.253,845.89,-2048,1476.91,92.6,0,0,0,0,0,0,0,0,0,0,0,0,0,0,0,0,0,0,0,0,0),(121,'-','Las Colinas',140500,3,1,0,1,2259.41,-1019.16,59.2968,228.697,1855.38,-1709.12,1720.06,273.58,0,0,0,0,0,0,0,0,0,0,0,0,0,0,0,0,0,0,0,0,0),(122,'-','Las Colinas',110000,3,1,0,1,2288.19,-1104.67,38.5743,169.767,1263.68,-605.3,1001.08,189.5,0,0,0,0,0,0,0,0,0,0,0,0,0,0,0,0,0,0,0,0,0),(123,'-','Las Colinas',15000,1,1,0,1,2287.43,-1080.98,48.2225,338.256,337.61,1854.1,1002.08,265.14,0,0,0,0,0,0,0,0,0,0,0,0,0,0,0,0,0,0,0,0,0),(124,'-','Las Colinas',15000,1,1,0,1,2278.81,-1077.42,48.2168,333.242,338.29,1794.87,1002.17,269.09,0,0,0,0,0,0,0,0,0,0,0,0,0,0,0,0,0,0,0,0,0),(125,'-','Las Colinas',16000,1,1,0,1,2439.97,-1010.98,54.3438,278.844,337.61,1854.1,1002.08,265.14,0,0,0,0,0,0,0,0,0,0,0,0,0,0,0,0,0,0,0,0,0),(126,'-','Las Colinas',17000,1,1,0,1,2440.51,-1057.32,54.7387,359.728,337.61,1854.1,1002.08,265.14,0,0,0,0,0,0,0,0,0,0,0,0,0,0,0,0,0,0,0,0,0),(127,'-','Las Colinas',17000,1,1,0,1,2462.43,-1011.13,60.1137,177.293,337.61,1854.1,1002.08,265.14,0,0,0,0,0,0,0,0,0,0,0,0,0,0,0,0,0,0,0,0,0),(128,'-','Las Colinas',17000,1,1,0,1,2457.74,-1054.66,59.9592,82.7077,338.29,1794.87,1002.17,269.09,0,0,0,0,0,0,0,0,0,0,0,0,0,0,0,0,0,0,0,0,0),(129,'-','Las Colinas',15000,1,1,0,1,2491.4,-1012.2,65.3984,61.348,338.29,1794.87,1002.17,269.09,0,0,0,0,0,0,0,0,0,0,0,0,0,0,0,0,0,0,0,0,0),(130,'-','Las Colinas',16000,1,1,0,1,2479.68,-1063.89,66.9982,74.0486,845.89,-2048,1476.91,92.6,0,0,0,0,0,0,0,0,0,0,0,0,0,0,0,0,0,0,0,0,0),(131,'-','Las Colinas',16000,1,1,0,1,2499.74,-1065.63,70.2359,90.0915,337.61,1854.1,1002.08,265.14,0,0,0,0,0,0,0,0,0,0,0,0,0,0,0,0,0,0,0,0,0),(132,'-','Las Colinas',16000,1,1,0,1,2512.81,-1027.18,70.0859,182.003,337.61,1854.1,1002.08,265.14,0,0,0,0,0,0,0,0,0,0,0,0,0,0,0,0,0,0,0,0,0),(133,'-','Las Colinas',16000,1,1,0,1,2526.11,-1060.77,69.9708,272.586,845.89,-2048,1476.91,92.6,0,0,0,0,0,0,0,0,0,0,0,0,0,0,0,0,0,0,0,0,0),(134,'-','Las Colinas',17000,1,1,0,1,2534.44,-1063.33,69.5655,87.3859,845.89,-2048,1476.91,92.6,0,0,0,0,0,0,0,0,0,0,0,0,0,0,0,0,0,0,0,0,0),(135,'-','Las Colinas',16000,1,1,0,1,2526.89,-1033.54,69.5794,182.64,845.89,-2048,1476.91,92.6,0,0,0,0,0,0,0,0,0,0,0,0,0,0,0,0,0,0,0,0,0),(136,'-','Las Colinas',17000,1,1,0,1,2549.22,-1032.32,69.5789,273.884,337.61,1854.1,1002.08,265.14,0,0,0,0,0,0,0,0,0,0,0,0,0,0,0,0,0,0,0,0,0),(137,'-','Las Colinas',16000,1,1,0,1,2562.07,-1034.39,69.8692,83.6701,845.89,-2048,1476.91,92.6,0,0,0,0,0,0,0,0,0,0,0,0,0,0,0,0,0,0,0,0,0),(138,'-','Las Colinas',17500,1,1,0,1,2579.71,-1033.22,69.5798,176.919,337.61,1854.1,1002.08,265.14,0,0,0,0,0,0,0,0,0,0,0,0,0,0,0,0,0,0,0,0,0),(139,'-','Las Colinas',27500,1,1,0,1,2628.12,-1067.95,69.7156,269.452,337.61,1854.1,1002.08,265.14,0,0,0,0,0,0,0,0,0,0,0,0,0,0,0,0,0,0,0,0,0),(140,'-','Las Colinas',27500,1,1,0,1,2627.67,-1085.18,69.7156,270.455,338.29,1794.87,1002.17,269.09,0,0,0,0,0,0,0,0,0,0,0,0,0,0,0,0,0,0,0,0,0),(141,'-','Las Colinas',25000,1,1,0,1,2625.96,-1098.79,69.3547,269.452,338.29,1794.87,1002.17,269.09,0,0,0,0,0,0,0,0,0,0,0,0,0,0,0,0,0,0,0,0,0),(142,'-','Las Colinas',25000,1,1,0,1,2625.96,-1112.53,67.9953,269.118,337.61,1854.1,1002.08,265.14,0,0,0,0,0,0,0,0,0,0,0,0,0,0,0,0,0,0,0,0,0),(143,'-','Las Colinas',22000,1,1,0,1,2576.65,-1070.71,69.8322,89.5247,337.61,1854.1,1002.08,265.14,0,0,0,0,0,0,0,0,0,0,0,0,0,0,0,0,0,0,0,0,0),(144,'-','Las Colinas',28500,1,1,0,1,2572.34,-1091.78,67.2257,45.407,338.29,1794.87,1002.17,269.09,0,0,0,0,0,0,0,0,0,0,0,0,0,0,0,0,0,0,0,0,0),(145,'-','Las Colinas',25000,1,1,0,1,2519.06,-1113.02,56.5926,271.919,337.61,1854.1,1002.08,265.14,0,0,0,0,0,0,0,0,0,0,0,0,0,0,0,0,0,0,0,0,0),(146,'-','Las Colinas',20000,1,1,0,1,2470.65,-1105.31,44.4879,0.690405,338.29,1794.87,1002.17,269.09,0,0,0,0,0,0,0,0,0,0,0,0,0,0,0,0,0,0,0,0,0),(147,'-','Las Colinas',26800,1,1,0,1,2457.05,-1102.48,43.8672,359.688,845.89,-2048,1476.91,92.6,0,0,0,0,0,0,0,0,0,0,0,0,0,0,0,0,0,0,0,0,0),(148,'-','Las Colinas',20500,1,1,0,1,2438.58,-1105.77,43.0816,2.69573,337.61,1854.1,1002.08,265.14,0,0,0,0,0,0,0,0,0,0,0,0,0,0,0,0,0,0,0,0,0),(149,'-','Las Colinas',37000,1,1,0,1,2407.85,-1106.95,40.2957,356.68,845.89,-2048,1476.91,92.6,0,0,0,0,0,0,0,0,0,0,0,0,0,0,0,0,0,0,0,0,0),(150,'-','East Los Santos',30000,1,1,0,1,2374.04,-1138.96,29.0588,178.739,337.61,1854.1,1002.08,265.14,0,0,0,0,0,0,0,0,0,0,0,0,0,0,0,0,0,0,0,0,0),(151,'-','Las Colinas',35000,1,1,0,1,2394.9,-1133.58,30.7188,180.474,337.61,1854.1,1002.08,265.14,0,0,0,0,0,0,0,0,0,0,0,0,0,0,0,0,0,0,0,0,0),(152,'-','East Los Santos',22000,1,1,0,1,2427.44,-1135.8,34.7109,179.805,845.89,-2048,1476.91,92.6,0,0,0,0,0,0,0,0,0,0,0,0,0,0,0,0,0,0,0,0,0),(153,'-','East Los Santos',18000,1,1,0,1,2487.97,-1135.25,39.5859,179.623,337.61,1854.1,1002.08,265.14,0,0,0,0,0,0,0,0,0,0,0,0,0,0,0,0,0,0,0,0,0),(154,'-','Las Colinas',21000,1,1,0,1,2510.56,-1132.7,41.6207,90.0505,845.89,-2048,1476.91,92.6,0,0,0,0,0,0,0,0,0,0,0,0,0,0,0,0,0,0,0,0,0),(155,'-','East Los Santos',27700,1,1,0,1,2383.53,-1366.29,24.4914,91.3709,337.61,1854.1,1002.08,265.14,0,0,0,0,0,0,0,0,0,0,0,0,0,0,0,0,0,0,0,0,0),(156,'-','East Los Santos',24500,1,1,0,1,2389.72,-1346.18,25.077,90.3133,845.89,-2048,1476.91,92.6,0,0,0,0,0,0,0,0,0,0,0,0,0,0,0,0,0,0,0,0,0),(157,'-','East Los Santos',22000,1,1,0,1,2387.84,-1328.34,25.1242,90.3133,338.29,1794.87,1002.17,269.09,0,0,0,0,0,0,0,0,0,0,0,0,0,0,0,0,0,0,0,0,0),(158,'-','East Los Santos',25000,1,1,0,1,2388.37,-1279.66,25.1291,89.5645,337.61,1854.1,1002.08,265.14,0,0,0,0,0,0,0,0,0,0,0,0,0,0,0,0,0,0,0,0,0),(159,'-','East Los Santos',17500,1,1,0,1,2433.61,-1275.09,24.7567,272.821,338.29,1794.87,1002.17,269.09,0,0,0,0,0,0,0,0,0,0,0,0,0,0,0,0,0,0,0,0,0),(160,'-','East Los Santos',17000,1,1,0,1,2434.84,-1289.4,25.3479,273.824,845.89,-2048,1476.91,92.6,0,0,0,0,0,0,0,0,0,0,0,0,0,0,0,0,0,0,0,0,0),(161,'-','East Los Santos',41000,2,1,0,1,2433.97,-1303.37,25.3234,270.147,351.59,1669.31,1002.17,176.03,0,0,0,0,0,0,0,0,0,0,0,0,0,0,0,0,0,0,0,0,0),(162,'-','East Los Santos',42000,2,1,0,1,2433.96,-1320.63,25.3234,271.15,736.03,1672.08,501.08,356.23,0,0,0,0,0,0,0,0,0,0,0,0,0,0,0,0,0,0,0,0,0),(163,'-','East Los Santos',20000,1,1,0,1,2439.63,-1338.77,24.1016,267.808,337.61,1854.1,1002.08,265.14,0,0,0,0,0,0,0,0,0,0,0,0,0,0,0,0,0,0,0,0,0),(164,'-','East Los Santos',20000,1,1,0,1,2439.61,-1357.25,24.1009,268.142,337.61,1854.1,1002.08,265.14,0,0,0,0,0,0,0,0,0,0,0,0,0,0,0,0,0,0,0,0,0),(165,'-','East Los Santos',43000,1,1,0,1,2470.35,-1295.47,30.2332,88.3288,337.61,1854.1,1002.08,265.14,0,0,0,0,0,0,0,0,0,0,0,0,0,0,0,0,0,0,0,0,0),(166,'-','East Los Santos',43000,1,1,0,1,2469.17,-1278.46,30.3664,91.6711,845.89,-2048,1476.91,92.6,0,0,0,0,0,0,0,0,0,0,0,0,0,0,0,0,0,0,0,0,0),(167,'-','East Los Santos',27000,1,1,0,1,2472.94,-1238.13,32.5695,179.185,337.61,1854.1,1002.08,265.14,0,0,0,0,0,0,0,0,0,0,0,0,0,0,0,0,0,0,0,0,0),(168,'-','East Los Santos',27000,1,1,0,1,2492.22,-1239.06,37.9054,179.519,845.89,-2048,1476.91,92.6,0,0,0,0,0,0,0,0,0,0,0,0,0,0,0,0,0,0,0,0,0),(169,'-','East Los Santos',87000,2,1,0,1,2514.57,-1240.47,39.3406,177.514,351.59,1669.31,1002.17,176.03,0,0,0,0,0,0,0,0,0,0,0,0,0,0,0,0,0,0,0,0,0),(170,'-','East Los Santos',53000,2,1,0,1,2529.63,-1243.36,43.9719,180.972,338.78,1734.95,1002.08,268.46,0,0,0,0,0,0,0,0,0,0,0,0,0,0,0,0,0,0,0,0,0),(171,'-','East Los Santos',32000,1,1,0,1,2551.04,-1233.81,49.3318,178.298,338.29,1794.87,1002.17,269.09,0,0,0,0,0,0,0,0,0,0,0,0,0,0,0,0,0,0,0,0,0),(172,'-','East Los Santos',74000,2,1,0,1,2550.21,-1197.48,60.8397,358.424,736.03,1672.08,501.08,356.23,0,0,0,0,0,0,0,0,0,0,0,0,0,0,0,0,0,0,0,0,0),(173,'-','East Los Santos',78000,2,1,0,1,2520.65,-1197.98,56.5974,358.09,736.03,1672.08,501.08,356.23,0,0,0,0,0,0,0,0,0,0,0,0,0,0,0,0,0,0,0,0,0),(174,'-','East Los Santos',28300,1,1,0,1,2467.59,-1200.4,36.8117,0.09487,338.29,1794.87,1002.17,269.09,0,0,0,0,0,0,0,0,0,0,0,0,0,0,0,0,0,0,0,0,0),(175,'-','East Beach',82000,2,1,0,1,2756.3,-1182.79,69.4034,359.98,351.59,1669.31,1002.17,176.03,0,0,0,0,0,0,0,0,0,0,0,0,0,0,0,0,0,0,0,0,0),(176,'-','East Beach',55000,2,1,0,1,2750.37,-1205.66,67.4844,90.9724,351.59,1669.31,1002.17,176.03,0,0,0,0,0,0,0,0,0,0,0,0,0,0,0,0,0,0,0,0,0),(177,'-','East Beach',55000,2,1,0,1,2750.35,-1222.14,64.6016,90.9056,338.78,1734.95,1002.08,268.46,0,0,0,0,0,0,0,0,0,0,0,0,0,0,0,0,0,0,0,0,0),(178,'-','East Beach',50000,2,1,0,1,2750.37,-1238.65,61.5245,91.692,351.59,1669.31,1002.17,176.03,0,0,0,0,0,0,0,0,0,0,0,0,0,0,0,0,0,0,0,0,0),(179,'-','East Beach',150000,3,1,0,1,2851.88,-1365.97,14.1708,269.23,1855.38,-1709.12,1720.06,273.58,0,0,0,0,0,0,0,0,0,0,0,0,0,0,0,0,0,0,0,0,0),(180,'-','East Beach',73000,2,1,0,1,2842.17,-1334.8,14.7421,187.993,736.03,1672.08,501.08,356.23,0,0,0,0,0,0,0,0,0,0,0,0,0,0,0,0,0,0,0,0,0),(181,'-','East Beach',71000,2,1,0,1,2847.01,-1309.7,14.7046,274.691,338.78,1734.95,1002.08,268.46,0,0,0,0,0,0,0,0,0,0,0,0,0,0,0,0,0,0,0,0,0),(182,'-','East Beach',60000,2,1,0,1,2808.23,-1175.94,25.3751,182.417,736.03,1672.08,501.08,356.23,0,0,0,0,0,0,0,0,0,0,0,0,0,0,0,0,0,0,0,0,0),(183,'-','East Beach',60000,2,1,0,1,2807.99,-1190.87,25.3435,0.59807,338.78,1734.95,1002.08,268.46,0,0,0,0,0,0,0,0,0,0,0,0,0,0,0,0,0,0,0,0,0),(184,'-','Willowfield',20000,1,1,0,1,2437.9,-2020.83,13.9025,355.38,337.61,1854.1,1002.08,265.14,0,0,0,0,0,0,0,0,0,0,0,0,0,0,0,0,0,0,0,0,0),(185,'-','Willowfield',21500,1,1,0,1,2465.31,-2020.78,14.1242,359.39,845.89,-2048,1476.91,92.6,0,0,0,0,0,0,0,0,0,0,0,0,0,0,0,0,0,0,0,0,0),(186,'-','Willowfield',21000,1,1,0,1,2465.04,-1995.78,14.0193,175.861,337.61,1854.1,1002.08,265.14,0,0,0,0,0,0,0,0,0,0,0,0,0,0,0,0,0,0,0,0,0),(187,'-','Willowfield',25000,1,1,0,1,2483.49,-1995.37,13.8343,179.872,337.61,1854.1,1002.08,265.14,0,0,0,0,0,0,0,0,0,0,0,0,0,0,0,0,0,0,0,0,0),(188,'-','Willowfield',23000,1,1,0,1,2486.43,-2021.52,13.9988,358.388,337.61,1854.1,1002.08,265.14,0,0,0,0,0,0,0,0,0,0,0,0,0,0,0,0,0,0,0,0,0),(189,'-','Willowfield',20000,1,1,0,1,2507.93,-2021.02,14.2101,359.724,337.61,1854.1,1002.08,265.14,0,0,0,0,0,0,0,0,0,0,0,0,0,0,0,0,0,0,0,0,0),(190,'-','Willowfield',19000,1,1,0,1,2508.4,-1998.48,13.9025,186.594,338.29,1794.87,1002.17,269.09,0,0,0,0,0,0,0,0,0,0,0,0,0,0,0,0,0,0,0,0,0),(191,'-','Willowfield',23500,1,1,0,1,2522.73,-2018.99,14.0744,44.5106,338.29,1794.87,1002.17,269.09,0,0,0,0,0,0,0,0,0,0,0,0,0,0,0,0,0,0,0,0,0),(192,'-','Willowfield',25000,1,1,0,1,2524.27,-1998.41,14.1131,133.08,337.61,1854.1,1002.08,265.14,0,0,0,0,0,0,0,0,0,0,0,0,0,0,0,0,0,0,0,0,0),(193,'-','Willowfield',25500,1,1,0,1,2696.3,-1990.4,14.2229,177.369,337.61,1854.1,1002.08,265.14,0,0,0,0,0,0,0,0,0,0,0,0,0,0,0,0,0,0,0,0,0),(194,'-','Willowfield',26000,1,1,0,1,2695.46,-2020.46,14.0223,358.498,845.89,-2048,1476.91,92.6,0,0,0,0,0,0,0,0,0,0,0,0,0,0,0,0,0,0,0,0,0),(195,'-','Willowfield',21500,1,1,0,1,2673.42,-2020.21,14.1682,3.51146,337.61,1854.1,1002.08,265.14,0,0,0,0,0,0,0,0,0,0,0,0,0,0,0,0,0,0,0,0,0),(196,'-','Willowfield',22300,1,1,0,1,2672.73,-1989.51,14.324,178.962,337.61,1854.1,1002.08,265.14,0,0,0,0,0,0,0,0,0,0,0,0,0,0,0,0,0,0,0,0,0),(197,'-','Willowfield',24300,1,1,0,1,2652.74,-1989.58,13.9988,180.209,845.89,-2048,1476.91,92.6,0,0,0,0,0,0,0,0,0,0,0,0,0,0,0,0,0,0,0,0,0),(198,'-','Willowfield',22000,1,1,0,1,2637.16,-1991.62,14.324,224.053,337.61,1854.1,1002.08,265.14,0,0,0,0,0,0,0,0,0,0,0,0,0,0,0,0,0,0,0,0,0),(199,'-','Willowfield',23500,1,1,0,1,2635.67,-2012.8,14.1443,305.338,337.61,1854.1,1002.08,265.14,0,0,0,0,0,0,0,0,0,0,0,0,0,0,0,0,0,0,0,0,0),(200,'-','Willowfield',57000,2,1,0,1,2650.63,-2021.79,14.1766,88.9587,736.03,1672.08,501.08,356.23,0,0,0,0,0,0,0,0,0,0,0,0,0,0,0,0,0,0,0,0,0),(201,'-','Willowfield',72000,2,1,0,1,2333.5,-1943.37,14.9688,180.565,351.59,1669.31,1002.17,176.03,0,0,0,0,0,0,0,0,0,0,0,0,0,0,0,0,0,0,0,0,0),(202,'-','Willowfield',75000,2,1,0,1,2333.28,-1883.55,15,359.79,736.03,1672.08,501.08,356.23,0,0,0,0,0,0,0,0,0,0,0,0,0,0,0,0,0,0,0,0,0),(203,'-','Willowfield',45000,1,1,0,1,2296.56,-1882.04,14.2344,180.31,845.89,-2048,1476.91,92.6,0,0,0,0,0,0,0,0,0,0,0,0,0,0,0,0,0,0,0,0,0),(204,'-','Willowfield',45000,1,1,0,1,2269.24,-1882.03,14.2344,176.3,338.29,1794.87,1002.17,269.09,0,0,0,0,0,0,0,0,0,0,0,0,0,0,0,0,0,0,0,0,0),(205,'-','Willowfield',45000,1,1,0,1,2241.88,-1882.04,14.2344,177.637,338.29,1794.87,1002.17,269.09,0,0,0,0,0,0,0,0,0,0,0,0,0,0,0,0,0,0,0,0,0),(206,'-','Willowfield',75000,2,1,0,1,2284.66,-1906.58,14.9297,356.487,351.59,1669.31,1002.17,176.03,0,0,0,0,0,0,0,0,0,0,0,0,0,0,0,0,0,0,0,0,0),(207,'-','Willowfield',75000,2,1,0,1,2261.39,-1906.63,14.9375,3.17139,736.03,1672.08,501.08,356.23,0,0,0,0,0,0,0,0,0,0,0,0,0,0,0,0,0,0,0,0,0),(208,'-','Willowfield',75000,2,1,0,1,2238.17,-1906.8,14.9375,358.158,736.03,1672.08,501.08,356.23,0,0,0,0,0,0,0,0,0,0,0,0,0,0,0,0,0,0,0,0,0),(209,'-','El Corona',27500,1,1,0,1,1928.58,-1915.95,15.2568,179.022,338.29,1794.87,1002.17,269.09,0,0,0,0,0,0,0,0,0,0,0,0,0,0,0,0,0,0,0,0,0),(210,'-','El Corona',25000,1,1,0,1,1913.44,-1911.93,15.2568,181.362,338.29,1794.87,1002.17,269.09,0,0,0,0,0,0,0,0,0,0,0,0,0,0,0,0,0,0,0,0,0),(211,'-','El Corona',25000,1,1,0,1,1891.86,-1914.41,15.2568,177.017,845.89,-2048,1476.91,92.6,0,0,0,0,0,0,0,0,0,0,0,0,0,0,0,0,0,0,0,0,0),(212,'-','El Corona',27000,1,1,0,1,1872.25,-1911.95,15.2568,179.586,338.29,1794.87,1002.17,269.09,0,0,0,0,0,0,0,0,0,0,0,0,0,0,0,0,0,0,0,0,0),(213,'-','El Corona',25500,1,1,0,1,1895.5,-2068.91,15.6689,1.35321,845.89,-2048,1476.91,92.6,0,0,0,0,0,0,0,0,0,0,0,0,0,0,0,0,0,0,0,0,0),(214,'-','El Corona',25000,1,1,0,1,1873.59,-2070.69,15.4971,1.68911,337.61,1854.1,1002.08,265.14,0,0,0,0,0,0,0,0,0,0,0,0,0,0,0,0,0,0,0,0,0),(215,'-','El Corona',26500,1,1,0,1,1851.83,-2070.41,15.4812,359.621,845.89,-2048,1476.91,92.6,0,0,0,0,0,0,0,0,0,0,0,0,0,0,0,0,0,0,0,0,0),(216,'-','El Corona',35000,1,1,0,1,1894.29,-2133.27,15.4663,176.276,845.89,-2048,1476.91,92.6,0,0,0,0,0,0,0,0,0,0,0,0,0,0,0,0,0,0,0,0,0),(217,'-','El Corona',35000,1,1,0,1,1872.55,-2132.96,15.482,182.416,845.89,-2048,1476.91,92.6,0,0,0,0,0,0,0,0,0,0,0,0,0,0,0,0,0,0,0,0,0),(218,'-','El Corona',35000,1,1,0,1,1851.89,-2134.85,15.3882,179.618,337.61,1854.1,1002.08,265.14,0,0,0,0,0,0,0,0,0,0,0,0,0,0,0,0,0,0,0,0,0),(219,'-','El Corona',43000,1,1,0,1,1804.34,-2124.83,13.9424,0.95736,338.29,1794.87,1002.17,269.09,0,0,0,0,0,0,0,0,0,0,0,0,0,0,0,0,0,0,0,0,0),(220,'-','El Corona',24000,1,1,0,1,1801.96,-2098.97,14.021,180.152,845.89,-2048,1476.91,92.6,0,0,0,0,0,0,0,0,0,0,0,0,0,0,0,0,0,0,0,0,0),(221,'-','El Corona',26500,1,1,0,1,1781.45,-2101.3,14.0566,181.15,845.89,-2048,1476.91,92.6,0,0,0,0,0,0,0,0,0,0,0,0,0,0,0,0,0,0,0,0,0),(222,'-','El Corona',43500,1,1,0,1,1782.21,-2126.48,14.0679,358.629,337.61,1854.1,1002.08,265.14,0,0,0,0,0,0,0,0,0,0,0,0,0,0,0,0,0,0,0,0,0),(223,'-','El Corona',45000,1,1,0,1,1761.07,-2125.41,14.0566,356.623,337.61,1854.1,1002.08,265.14,0,0,0,0,0,0,0,0,0,0,0,0,0,0,0,0,0,0,0,0,0),(224,'-','El Corona',44000,1,1,0,1,1762.46,-2102.02,13.857,181.823,845.89,-2048,1476.91,92.6,0,0,0,0,0,0,0,0,0,0,0,0,0,0,0,0,0,0,0,0,0),(225,'-','El Corona',41000,1,1,0,1,1734.02,-2098,14.0366,180.152,338.29,1794.87,1002.17,269.09,0,0,0,0,0,0,0,0,0,0,0,0,0,0,0,0,0,0,0,0,0),(226,'-','El Corona',42000,1,1,0,1,1734.84,-2130.33,14.021,357.96,845.89,-2048,1476.91,92.6,0,0,0,0,0,0,0,0,0,0,0,0,0,0,0,0,0,0,0,0,0),(227,'-','El Corona',44000,1,1,0,1,1715.2,-2125.41,14.0566,2.34435,337.61,1854.1,1002.08,265.14,0,0,0,0,0,0,0,0,0,0,0,0,0,0,0,0,0,0,0,0,0),(228,'-','El Corona',42000,1,1,0,1,1711.61,-2101.27,14.021,183.2,337.61,1854.1,1002.08,265.14,0,0,0,0,0,0,0,0,0,0,0,0,0,0,0,0,0,0,0,0,0),(229,'-','Verdant Bluffs',48500,1,0,0,1,1684.7,-2098.16,13.8343,179.931,337.61,1854.1,1002.08,265.14,1607609485,0,0,0,0,0,0,0,0,0,0,0,0,0,0,0,0,0,0,0,0),(230,'-','El Corona',41500,1,1,0,1,1695.49,-2125.82,13.8101,0.712441,338.29,1794.87,1002.17,269.09,0,0,0,0,0,0,0,0,0,0,0,0,0,0,0,0,0,0,0,0,0),(231,'-','Verdant Bluffs',45000,1,1,0,1,1667.42,-2106.98,14.0723,178.933,845.89,-2048,1476.91,92.6,0,0,0,0,0,0,0,0,0,0,0,0,0,0,0,0,0,0,0,0,0),(232,'-','Verdant Bluffs',45000,1,1,0,1,1673.73,-2122.38,14.146,315.265,338.29,1794.87,1002.17,269.09,0,0,0,0,0,0,0,0,0,0,0,0,0,0,0,0,0,0,0,0,0),(233,'-','Verona Beach',55000,1,1,0,1,992.632,-1817.57,13.9001,344.26,845.89,-2048,1476.91,92.6,0,0,0,0,0,0,0,0,0,0,0,0,0,0,0,0,0,0,0,0,0),(234,'-','Verona Beach',55000,1,1,0,1,980.751,-1814.72,13.8939,338.244,845.89,-2048,1476.91,92.6,0,0,0,0,0,0,0,0,0,0,0,0,0,0,0,0,0,0,0,0,0),(235,'-','Verona Beach',55000,1,1,0,1,969.757,-1812,13.8904,343.258,845.89,-2048,1476.91,92.6,0,0,0,0,0,0,0,0,0,0,0,0,0,0,0,0,0,0,0,0,0),(236,'-','Verona Beach',55000,1,1,0,1,958.021,-1809.16,13.8812,348.42,845.89,-2048,1476.91,92.6,0,0,0,0,0,0,0,0,0,0,0,0,0,0,0,0,0,0,0,0,0),(237,'-','Verona Beach',55000,1,1,0,1,933.629,-1805.17,13.8435,351.279,338.29,1794.87,1002.17,269.09,0,0,0,0,0,0,0,0,0,0,0,0,0,0,0,0,0,0,0,0,0),(238,'-','Verona Beach',55000,1,1,0,1,922.086,-1803.86,13.8357,351.279,337.61,1854.1,1002.08,265.14,0,0,0,0,0,0,0,0,0,0,0,0,0,0,0,0,0,0,0,0,0),(239,'-','Verona Beach',55000,1,1,0,1,910.428,-1802.67,13.7994,354.621,337.61,1854.1,1002.08,265.14,0,0,0,0,0,0,0,0,0,0,0,0,0,0,0,0,0,0,0,0,0),(240,'-','Santa Maria Beach',135000,3,1,0,1,315.879,-1769.45,4.62318,176.075,1224.34,-749.22,1085.72,265.59,0,0,0,0,0,0,0,0,0,0,0,0,0,0,0,0,0,0,0,0,0),(241,'-','Santa Maria Beach',22000,1,1,0,1,305.421,-1770.25,4.53847,178.414,338.29,1794.87,1002.17,269.09,1608083346,0,0,0,0,0,0,0,0,0,0,0,0,0,0,0,0,0,0,0,0),(242,'-','Santa Maria Beach',23000,1,1,0,1,295.397,-1764.44,4.59919,180.082,337.61,1854.1,1002.08,265.14,0,0,0,0,0,0,0,0,0,0,0,0,0,0,0,0,0,0,0,0,0),(243,'-','Santa Maria Beach',50000,1,1,0,1,280.982,-1767.08,4.54688,176.409,338.29,1794.87,1002.17,269.09,0,0,0,0,0,0,0,0,0,0,0,0,0,0,0,0,0,0,0,0,0),(244,'-','Santa Maria Beach',60000,2,1,0,1,168.33,-1768.43,4.48681,180.42,338.78,1734.95,1002.08,268.46,0,0,0,0,0,0,0,0,0,0,0,0,0,0,0,0,0,0,0,0,0),(245,'-','Marina',24000,1,1,0,1,653.551,-1714.06,14.7648,89.7202,337.61,1854.1,1002.08,265.14,0,0,0,0,0,0,0,0,0,0,0,0,0,0,0,0,0,0,0,0,0),(246,'-','Marina',21000,1,1,0,1,652.635,-1693.98,14.5453,88.3833,338.29,1794.87,1002.17,269.09,0,0,0,0,0,0,0,0,0,0,0,0,0,0,0,0,0,0,0,0,0),(247,'-','Marina',25000,1,1,0,1,657.192,-1652.61,15.4062,88.7175,338.29,1794.87,1002.17,269.09,0,0,0,0,0,0,0,0,0,0,0,0,0,0,0,0,0,0,0,0,0),(248,'-','Marina',20500,1,1,0,1,656.085,-1636.05,15.8617,177.051,337.61,1854.1,1002.08,265.14,0,0,0,0,0,0,0,0,0,0,0,0,0,0,0,0,0,0,0,0,0),(249,'-','Marina',24500,1,1,0,1,653.224,-1619.7,15,85.3751,337.61,1854.1,1002.08,265.14,0,0,0,0,0,0,0,0,0,0,0,0,0,0,0,0,0,0,0,0,0),(250,'-','Marina',150000,3,1,0,1,648.818,-1536.84,14.9417,88.35,4577.82,-2527.82,5.28,262.63,0,0,0,0,0,0,0,0,0,0,0,0,0,0,0,0,0,0,0,0,0),(251,'-','Marina',150000,3,1,0,1,648.844,-1489.56,14.8413,86.8238,4577.82,-2527.82,5.28,262.63,0,0,0,0,0,0,0,0,0,0,0,0,0,0,0,0,0,0,0,0,0),(252,'-','Marina',75000,2,1,0,1,648.732,-1442.32,14.6882,90.0032,351.59,1669.31,1002.17,176.03,0,0,0,0,0,0,0,0,0,0,0,0,0,0,0,0,0,0,0,0,0),(253,'-','Marina',120000,3,1,0,1,685.556,-1421.88,14.7687,359.284,1263.68,-605.3,1001.08,189.5,0,0,0,0,0,0,0,0,0,0,0,0,0,0,0,0,0,0,0,0,0),(254,'-','Marina',48000,1,1,0,1,784.408,-1436.24,13.5469,273.288,845.89,-2048,1476.91,92.6,0,0,0,0,0,0,0,0,0,0,0,0,0,0,0,0,0,0,0,0,0),(255,'-','Marina',128000,3,1,0,1,782.824,-1464.5,13.5469,268.52,4577.82,-2527.82,5.28,262.63,0,0,0,0,0,0,0,0,0,0,0,0,0,0,0,0,0,0,0,0,0),(256,'-','Marina',123000,3,1,0,1,771.13,-1510.77,13.5469,252.143,1263.68,-605.3,1001.08,189.5,0,0,0,0,0,0,0,0,0,0,0,0,0,0,0,0,0,0,0,0,0),(257,'-','Marina',84000,2,1,0,1,761.079,-1564.08,13.9289,265.178,351.59,1669.31,1002.17,176.03,0,0,0,0,0,0,0,0,0,0,0,0,0,0,0,0,0,0,0,0,0),(258,'-','Marina',95000,2,1,0,1,813.662,-1456.71,14.216,84.3615,351.59,1669.31,1002.17,176.03,0,0,0,0,0,0,0,0,0,0,0,0,0,0,0,0,0,0,0,0,0),(259,'-','Marina',145000,3,1,0,1,841.273,-1471.38,14.3027,179.282,4577.82,-2527.82,5.28,262.63,0,0,0,0,0,0,0,0,0,0,0,0,0,0,0,0,0,0,0,0,0),(260,'-','Marina',82000,2,1,0,1,900.238,-1471.09,14.348,266.141,338.78,1734.95,1002.08,268.46,0,0,0,0,0,0,0,0,0,0,0,0,0,0,0,0,0,0,0,0,0),(261,'-','Marina',82000,2,1,0,1,900.371,-1447.51,14.3685,271.355,338.78,1734.95,1002.08,268.46,0,0,0,0,0,0,0,0,0,0,0,0,0,0,0,0,0,0,0,0,0),(262,'-','Marina',84000,2,1,0,1,903.423,-1512.93,14.3635,268.107,351.59,1669.31,1002.17,176.03,0,0,0,0,0,0,0,0,0,0,0,0,0,0,0,0,0,0,0,0,0),(263,'-','Marina',84000,2,1,0,1,877.93,-1514.66,14.3437,180.913,351.59,1669.31,1002.17,176.03,0,0,0,0,0,0,0,0,0,0,0,0,0,0,0,0,0,0,0,0,0),(264,'-','Marina',93000,2,1,0,1,849.608,-1520.02,14.3479,265.473,351.59,1669.31,1002.17,176.03,0,0,0,0,0,0,0,0,0,0,0,0,0,0,0,0,0,0,0,0,0),(265,'-','Marina',145000,2,1,0,1,822.454,-1505.49,14.3975,355.379,351.59,1669.31,1002.17,176.03,0,0,0,0,0,0,0,0,0,0,0,0,0,0,0,0,0,0,0,0,0),(266,'-','Marina',75000,2,1,0,1,692.906,-1602.75,15.0469,359.857,736.03,1672.08,501.08,356.23,0,0,0,0,0,0,0,0,0,0,0,0,0,0,0,0,0,0,0,0,0),(267,'-','Marina',23000,1,1,0,1,697.296,-1627.07,3.74917,269.617,845.89,-2048,1476.91,92.6,0,0,0,0,0,0,0,0,0,0,0,0,0,0,0,0,0,0,0,0,0),(268,'-','Marina',25000,1,1,0,1,693.783,-1645.88,4.09375,268.614,338.29,1794.87,1002.17,269.09,0,0,0,0,0,0,0,0,0,0,0,0,0,0,0,0,0,0,0,0,0),(269,'-','Marina',22000,1,1,0,1,694.7,-1690.71,4.34612,3.53402,338.29,1794.87,1002.17,269.09,0,0,0,0,0,0,0,0,0,0,0,0,0,0,0,0,0,0,0,0,0),(270,'-','Marina',23000,1,1,0,1,693.598,-1705.71,3.81948,269.951,338.29,1794.87,1002.17,269.09,0,0,0,0,0,0,0,0,0,0,0,0,0,0,0,0,0,0,0,0,0),(271,'-','Marina',23000,1,1,0,1,769.205,-1745.9,13.0773,91.7695,337.61,1854.1,1002.08,265.14,0,0,0,0,0,0,0,0,0,0,0,0,0,0,0,0,0,0,0,0,0),(272,'-','Marina',20000,1,1,0,1,769.15,-1726.26,13.4321,177.331,338.29,1794.87,1002.17,269.09,0,0,0,0,0,0,0,0,0,0,0,0,0,0,0,0,0,0,0,0,0),(273,'-','Marina',22500,1,1,0,1,769.177,-1696.65,5.15542,93.4407,845.89,-2048,1476.91,92.6,0,0,0,0,0,0,0,0,0,0,0,0,0,0,0,0,0,0,0,0,0),(274,'-','Marina',25800,1,1,0,1,768.053,-1655.67,5.60938,87.759,845.89,-2048,1476.91,92.6,0,0,0,0,0,0,0,0,0,0,0,0,0,0,0,0,0,0,0,0,0),(275,'-','Marina',24000,1,1,0,1,766.909,-1605.86,13.8039,91.8996,338.29,1794.87,1002.17,269.09,0,0,0,0,0,0,0,0,0,0,0,0,0,0,0,0,0,0,0,0,0),(276,'-','Marina',22000,1,1,0,1,790.839,-1661.16,13.4842,181.277,338.29,1794.87,1002.17,269.09,0,0,0,0,0,0,0,0,0,0,0,0,0,0,0,0,0,0,0,0,0),(277,'-','Marina',20000,1,1,0,1,794.914,-1692.08,14.4633,357.547,337.61,1854.1,1002.08,265.14,0,0,0,0,0,0,0,0,0,0,0,0,0,0,0,0,0,0,0,0,0),(278,'-','Marina',22500,1,1,0,1,794.048,-1707.5,14.0382,270.983,845.89,-2048,1476.91,92.6,0,0,0,0,0,0,0,0,0,0,0,0,0,0,0,0,0,0,0,0,0),(279,'-','Marina',23400,1,1,0,1,797.445,-1729.28,13.5469,270.236,338.29,1794.87,1002.17,269.09,0,0,0,0,0,0,0,0,0,0,0,0,0,0,0,0,0,0,0,0,0),(280,'-','Marina',25000,2,1,0,1,791.539,-1753.23,13.4601,181.037,351.59,1669.31,1002.17,176.03,0,0,0,0,0,0,0,0,0,0,0,0,0,0,0,0,0,0,0,0,0),(282,'-','Temple',150300,3,1,0,1,1325.97,-1067.77,31.5547,268.007,1855.38,-1709.12,1720.06,273.58,0,0,0,0,0,0,0,0,0,0,0,0,0,0,0,0,0,0,0,0,0),(283,'-','Temple',150300,3,1,0,1,1285.25,-1067.25,31.6789,88.2737,4577.82,-2527.82,5.28,262.63,0,0,0,0,0,0,0,0,0,0,0,0,0,0,0,0,0,0,0,0,0),(284,'-','Temple',150000,3,1,0,1,1285.24,-1090.22,28.2578,91.2818,4577.82,-2527.82,5.28,262.63,0,0,0,0,0,0,0,0,0,0,0,0,0,0,0,0,0,0,0,0,0),(285,'-','Temple',150300,3,1,0,1,1241.96,-1076.57,31.5547,268.087,1263.68,-605.3,1001.08,189.5,0,0,0,0,0,0,0,0,0,0,0,0,0,0,0,0,0,0,0,0,0),(286,'-','Temple',149000,3,1,0,1,1242.29,-1099.5,27.9766,268.421,4577.82,-2527.82,5.28,262.63,0,0,0,0,0,0,0,0,0,0,0,0,0,0,0,0,0,0,0,0,0),(287,'-','Temple',150300,3,1,0,1,1183.46,-1075.97,31.6789,89.2524,1224.34,-749.22,1085.72,265.59,0,0,0,0,0,0,0,0,0,0,0,0,0,0,0,0,0,0,0,0,0),(288,'-','Temple',150000,3,1,0,1,1183.46,-1099.03,28.2578,91.2579,1224.34,-749.22,1085.72,265.59,0,0,0,0,0,0,0,0,0,0,0,0,0,0,0,0,0,0,0,0,0),(289,'-','Temple',149000,3,1,0,1,1142.2,-1092.92,28.1875,265.723,1224.34,-749.22,1085.72,265.59,0,0,0,0,0,0,0,0,0,0,0,0,0,0,0,0,0,0,0,0,0),(290,'-','Temple',150300,3,1,0,1,1141.84,-1069.88,31.7656,271.071,1855.38,-1709.12,1720.06,273.58,0,0,0,0,0,0,0,0,0,0,0,0,0,0,0,0,0,0,0,0,0),(291,'-','Temple',150300,3,1,0,1,1103.38,-1069.48,31.8899,90.7692,1224.34,-749.22,1085.72,265.59,0,0,0,0,0,0,0,0,0,0,0,0,0,0,0,0,0,0,0,0,0),(292,'-','Temple',150000,3,1,0,1,1103.38,-1092.32,28.4688,90.435,4577.82,-2527.82,5.28,262.63,0,0,0,0,0,0,0,0,0,0,0,0,0,0,0,0,0,0,0,0,0),(293,'-','Temple',75000,2,1,0,1,1059.3,-1105.15,28.0451,179.98,351.59,1669.31,1002.17,176.03,0,0,0,0,0,0,0,0,0,0,0,0,0,0,0,0,0,0,0,0,0),(294,'-','Temple',75000,2,1,0,1,1068.44,-1081.24,27.5678,266.867,351.59,1669.31,1002.17,176.03,0,0,0,0,0,0,0,0,0,0,0,0,0,0,0,0,0,0,0,0,0),(295,'-','Temple',138000,3,1,0,1,1050.98,-1059.26,34.7966,358.542,1855.38,-1709.12,1720.06,273.58,0,0,0,0,0,0,0,0,0,0,0,0,0,0,0,0,0,0,0,0,0),(296,'-','Temple',138000,3,1,0,1,993.836,-1059,33.6995,2.74117,4577.82,-2527.82,5.28,262.63,0,0,0,0,0,0,0,0,0,0,0,0,0,0,0,0,0,0,0,0,0),(297,'-','Temple',133000,3,1,0,1,1118.14,-1021.21,34.9922,180.63,1263.68,-605.3,1001.08,189.5,0,0,0,0,0,0,0,0,0,0,0,0,0,0,0,0,0,0,0,0,0),(298,'-','Temple',133000,3,1,0,1,1127.95,-1021.19,34.9922,181.298,1263.68,-605.3,1001.08,189.5,0,0,0,0,0,0,0,0,0,0,0,0,0,0,0,0,0,0,0,0,0),(299,'-','Temple',78000,2,1,0,1,985.745,-1094.4,27.6041,182.543,351.59,1669.31,1002.17,176.03,0,0,0,0,0,0,0,0,0,0,0,0,0,0,0,0,0,0,0,0,0),(300,'-','Marina',85000,2,1,0,1,880.099,-1424.79,14.4844,356.771,338.78,1734.95,1002.08,268.46,0,0,0,0,0,0,0,0,0,0,0,0,0,0,0,0,0,0,0,0,0),(301,'-','Marina',125000,3,1,0,1,852.221,-1423.25,14.1368,0.780843,1224.34,-749.22,1085.72,265.59,0,0,0,0,0,0,0,0,0,0,0,0,0,0,0,0,0,0,0,0,0),(302,'-','Marina',85000,2,1,0,1,824.592,-1424.18,14.4987,1.78378,338.78,1734.95,1002.08,268.46,0,0,0,0,0,0,0,0,0,0,0,0,0,0,0,0,0,0,0,0,0),(303,'-','Mulholland',155000,3,1,0,1,1440.68,-926.173,39.6477,171.683,1855.38,-1709.12,1720.06,273.58,0,0,0,0,0,0,0,0,0,0,0,0,0,0,0,0,0,0,0,0,0),(304,'-','Mulholland',145000,3,1,0,1,1411.12,-920.911,38.4219,171.014,4577.82,-2527.82,5.28,262.63,0,0,0,0,0,0,0,0,0,0,0,0,0,0,0,0,0,0,0,0,0),(305,'-','Mulholland',50000,1,1,0,1,1421.78,-886.19,50.6848,358.741,338.29,1794.87,1002.17,269.09,0,0,0,0,0,0,0,0,0,0,0,0,0,0,0,0,0,0,0,0,0),(306,'-','Mulholland Intersection',58000,2,1,0,1,1468.57,-906.157,54.8359,358.084,351.59,1669.31,1002.17,176.03,0,0,0,0,0,0,0,0,0,0,0,0,0,0,0,0,0,0,0,0,0),(307,'-','Mulholland Intersection',50000,1,1,0,1,1540.36,-851.333,64.3361,89.2225,337.61,1854.1,1002.08,265.14,0,0,0,0,0,0,0,0,0,0,0,0,0,0,0,0,0,0,0,0,0),(308,'-','Mulholland Intersection',53000,1,1,0,1,1534.91,-800.269,72.8495,90.2119,337.61,1854.1,1002.08,265.14,0,0,0,0,0,0,0,0,0,0,0,0,0,0,0,0,0,0,0,0,0),(309,'-','Mulholland Intersection',55000,1,1,0,1,1527.72,-772.644,80.5781,133.209,845.89,-2048,1476.91,92.6,0,0,0,0,0,0,0,0,0,0,0,0,0,0,0,0,0,0,0,0,0),(310,'Swas_Tamita ','Mulholland',280000,3,0,0,1,1497,-688.014,95.5633,181.061,1263.68,-605.3,1001.08,189.5,1608017581,0,0,0,0,0,0,0,0,0,0,0,0,0,0,0,0,0,0,0,0),(311,'-','Mulholland',100000,3,1,0,1,1442.58,-628.918,95.7186,178.622,1263.68,-605.3,1001.08,189.5,0,0,0,0,0,0,0,0,0,0,0,0,0,0,0,0,0,0,0,0,0),(312,'-','Mulholland',250000,3,1,0,1,1332.11,-633.416,109.135,21.0783,4577.82,-2527.82,5.28,262.63,0,0,0,0,0,0,0,0,0,0,0,0,0,0,0,0,0,0,0,0,0),(313,'-','Mulholland',65000,2,1,0,1,1112.52,-742.097,100.133,90.9476,351.59,1669.31,1002.17,176.03,0,0,0,0,0,0,0,0,0,0,0,0,0,0,0,0,0,0,0,0,0),(314,'-','Mulholland',170000,3,1,0,1,1093.98,-807.04,107.419,7.83561,4577.82,-2527.82,5.28,262.63,1607576102,0,0,0,0,0,0,0,0,0,0,0,0,0,0,0,0,0,0,0,0),(315,'-','Mulholland',69000,2,1,0,1,1034.67,-813.095,101.852,19.2663,351.59,1669.31,1002.17,176.03,0,0,0,0,0,0,0,0,0,0,0,0,0,0,0,0,0,0,0,0,0),(316,'-','Mulholland',55000,1,1,0,1,989.817,-828.512,95.4686,28.2922,337.61,1854.1,1002.08,265.14,0,0,0,0,0,0,0,0,0,0,0,0,0,0,0,0,0,0,0,0,0),(317,'-','Mulholland',74000,2,1,0,1,937.758,-848.595,93.5994,24.081,338.78,1734.95,1002.08,268.46,0,0,0,0,0,0,0,0,0,0,0,0,0,0,0,0,0,0,0,0,0),(318,'-','Mulholland',140000,3,0,0,1,836.091,-894.817,68.7689,322.407,1263.68,-605.3,1001.08,189.5,1607426433,0,0,0,0,0,0,0,0,0,0,0,0,0,0,0,0,0,0,0,0),(319,'Aero_Zevalio','Mulholland',78000,2,1,0,1,827.912,-858.133,70.3308,203.05,351.59,1669.31,1002.17,176.03,0,0,0,0,0,0,0,0,0,0,0,0,0,0,0,0,0,0,0,0,0),(320,'-','Red County',180000,3,1,0,1,1095.04,-647.79,113.648,0.724695,4577.82,-2527.82,5.28,262.63,0,0,0,0,0,0,0,0,0,0,0,0,0,0,0,0,0,0,0,0,0),(321,'-','Red County',160000,3,1,0,1,1045.16,-642.816,120.117,7.37025,1224.34,-749.22,1085.72,265.59,0,0,0,0,0,0,0,0,0,0,0,0,0,0,0,0,0,0,0,0,0),(322,'-','Red County',185000,3,1,0,1,980.461,-677.137,121.976,36.448,1224.34,-749.22,1085.72,265.59,0,0,0,0,0,0,0,0,0,0,0,0,0,0,0,0,0,0,0,0,0),(323,'-','Red County',83000,2,1,0,1,946.341,-710.519,122.62,27.9853,351.59,1669.31,1002.17,176.03,0,0,0,0,0,0,0,0,0,0,0,0,0,0,0,0,0,0,0,0,0),(324,'-','Red County',100000,3,1,0,1,897.943,-677.09,116.89,234.871,4577.82,-2527.82,5.28,262.63,0,0,0,0,0,0,0,0,0,0,0,0,0,0,0,0,0,0,0,0,0),(325,'-','Mulholland',87000,2,1,0,1,867.632,-717.514,105.68,334.136,351.59,1669.31,1002.17,176.03,0,0,0,0,0,0,0,0,0,0,0,0,0,0,0,0,0,0,0,0,0),(326,'-','Mulholland',93000,2,1,0,1,848.12,-745.462,94.9693,311.201,736.03,1672.08,501.08,356.23,0,0,0,0,0,0,0,0,0,0,0,0,0,0,0,0,0,0,0,0,0),(327,'-','Mulholland',110000,3,1,0,1,891.194,-782.999,101.313,23.0597,1263.68,-605.3,1001.08,189.5,0,0,0,0,0,0,0,0,0,0,0,0,0,0,0,0,0,0,0,0,0),(329,'-','Richman',143000,3,1,0,1,724.849,-999.326,52.7344,330.021,4577.82,-2527.82,5.28,262.63,0,0,0,0,0,0,0,0,0,0,0,0,0,0,0,0,0,0,0,0,0),(330,'-','Richman',83000,2,1,0,1,673.061,-1020.07,55.7596,60.3007,736.03,1672.08,501.08,356.23,0,0,0,0,0,0,0,0,0,0,0,0,0,0,0,0,0,0,0,0,0),(331,'-','Richman',100000,3,1,0,1,700.237,-1060.2,49.4217,58.2954,1263.68,-605.3,1001.08,189.5,0,0,0,0,0,0,0,0,0,0,0,0,0,0,0,0,0,0,0,0,0),(332,'-','Richman',83000,2,1,0,1,648.349,-1058.5,52.5799,51.9845,338.78,1734.95,1002.08,268.46,0,0,0,0,0,0,0,0,0,0,0,0,0,0,0,0,0,0,0,0,0),(333,'-','Richman',77000,2,1,0,1,645.833,-1117.58,44.207,44.2974,338.78,1734.95,1002.08,268.46,0,0,0,0,0,0,0,0,0,0,0,0,0,0,0,0,0,0,0,0,0),(334,'-','Richman',65000,2,1,0,1,559.058,-1076.44,72.922,25.6459,736.03,1672.08,501.08,356.23,0,0,0,0,0,0,0,0,0,0,0,0,0,0,0,0,0,0,0,0,0),(335,'-','Richman',100000,3,1,0,1,497.566,-1095.06,82.3592,355.362,1224.34,-749.22,1085.72,265.59,0,0,0,0,0,0,0,0,0,0,0,0,0,0,0,0,0,0,0,0,0),(336,'-','Richman',93000,2,1,0,1,470.751,-1163.57,67.2178,193.561,351.59,1669.31,1002.17,176.03,0,0,0,0,0,0,0,0,0,0,0,0,0,0,0,0,0,0,0,0,0),(337,'-','Richman',68000,2,1,0,1,416.645,-1154.05,76.6876,150.618,338.78,1734.95,1002.08,268.46,0,0,0,0,0,0,0,0,0,0,0,0,0,0,0,0,0,0,0,0,0),(338,'-','Richman',60000,2,1,0,1,552.952,-1200.27,44.8315,20.196,736.03,1672.08,501.08,356.23,0,0,0,0,0,0,0,0,0,0,0,0,0,0,0,0,0,0,0,0,0),(339,'-','Richman',53000,1,1,0,1,432.179,-1253.91,51.5809,21.3203,337.61,1854.1,1002.08,265.14,0,0,0,0,0,0,0,0,0,0,0,0,0,0,0,0,0,0,0,0,0),(340,'-','Richman',70000,2,1,0,1,398.336,-1271.28,50.0198,19.8498,338.78,1734.95,1002.08,268.46,0,0,0,0,0,0,0,0,0,0,0,0,0,0,0,0,0,0,0,0,0),(341,'-','Richman',52000,1,1,0,1,355.141,-1280.95,53.7036,33.8057,337.61,1854.1,1002.08,265.14,0,0,0,0,0,0,0,0,0,0,0,0,0,0,0,0,0,0,0,0,0),(342,'-','Richman',185300,3,1,0,1,298.854,-1338.49,53.4415,33.3316,1224.34,-749.22,1085.72,265.59,0,0,0,0,0,0,0,0,0,0,0,0,0,0,0,0,0,0,0,0,0),(343,'-','Richman',220000,3,0,0,1,254.493,-1367.25,53.1094,308.946,1855.38,-1709.12,1720.06,273.58,0,0,0,0,0,0,0,0,0,0,0,0,0,0,0,0,0,0,0,0,0),(344,'-','Rodeo',83000,2,1,0,1,228,-1405.45,51.6094,330.851,351.59,1669.31,1002.17,176.03,0,0,0,0,0,0,0,0,0,0,0,0,0,0,0,0,0,0,0,0,0),(345,'-','Rodeo',55000,1,1,0,1,142.631,-1470.36,25.2109,321.023,338.29,1794.87,1002.17,269.09,0,0,0,0,0,0,0,0,0,0,0,0,0,0,0,0,0,0,0,0,0),(346,'-','Richman',999999999,3,1,0,1,189.646,-1308.25,70.2495,90.7347,1855.38,-1709.12,1720.06,273.58,0,0,0,0,0,0,0,0,0,0,0,0,0,0,0,0,0,0,0,0,0),(347,'-','Richman',200000,3,1,0,1,219.26,-1249.82,78.3363,215.102,1224.34,-749.22,1085.72,265.59,0,0,0,0,0,0,0,0,0,0,0,0,0,0,0,0,0,0,0,0,0),(348,'-','Richman',170000,3,1,0,1,253.239,-1269.97,74.4267,32.9669,1855.38,-1709.12,1720.06,273.58,0,0,0,0,0,0,0,0,0,0,0,0,0,0,0,0,0,0,0,0,0),(349,'-','Richman',185000,3,1,0,1,251.483,-1220.19,76.1024,218.088,1263.68,-605.3,1001.08,189.5,0,0,0,0,0,0,0,0,0,0,0,0,0,0,0,0,0,0,0,0,0),(350,'-','Richman',260000,3,1,0,1,300.207,-1154.45,81.3808,134.008,1224.34,-749.22,1085.72,265.59,0,0,0,0,0,0,0,0,0,0,0,0,0,0,0,0,0,0,0,0,0),(351,'-','Richman',25000,1,1,0,1,352.269,-1198,76.5156,36.1464,845.89,-2048,1476.91,92.6,0,0,0,0,0,0,0,0,0,0,0,0,0,0,0,0,0,0,0,0,0),(352,'-','Mulholland',83000,2,1,0,1,785.755,-760.233,73.5607,106.712,351.59,1669.31,1002.17,176.03,0,0,0,0,0,0,0,0,0,0,0,0,0,0,0,0,0,0,0,0,0),(353,'-','Mulholland',135000,3,0,0,1,1298.48,-797.985,84.1406,180.985,1224.34,-749.22,1085.72,265.59,0,0,0,0,0,0,0,0,0,0,0,0,0,0,0,0,0,0,0,0,0),(354,'-','Blueberry',53000,2,1,0,1,312.755,-121.294,3.53539,269.787,736.03,1672.08,501.08,356.23,0,0,0,0,0,0,0,0,0,0,0,0,0,0,0,0,0,0,0,0,0),(355,'-','Pershing Square',135000,3,0,0,1,1489.04,-1720.11,8.23709,226.47,1224.34,-749.22,1085.72,265.59,0,0,0,0,0,0,0,0,0,0,0,0,0,0,0,0,0,0,0,0,0),(356,'Aero_Zevalio','Verdant Bluffs',1,3,0,0,1,1122.74,-2036.95,69.8942,100.772,1855.38,-1709.12,1720.06,273.58,1682303024,0,0,0,0,0,0,0,0,0,0,0,0,0,0,0,0,0,0,0,0),(281,'-','Bayside',70000,2,1,0,1,-2552.02,2266.42,5.47552,154.669,351.59,1669.31,1002.17,176.03,0,0,0,0,0,0,0,0,0,0,0,0,0,0,0,0,0,0,0,0,0),(357,'-','Bayside',70000,2,0,0,1,-2437.59,2354.92,5.44307,10.186,736.03,1672.08,501.08,356.23,0,0,0,0,0,0,0,0,0,0,0,0,0,0,0,0,0,0,0,0,0),(358,'-','Bayside',70000,2,0,0,1,-2523.94,2238.85,5.39844,162.433,736.03,1672.08,501.08,356.23,1611408627,0,0,0,0,0,0,0,0,0,0,0,0,0,0,0,0,0,0,0,0),(359,'-','Santa Flora',70000,2,0,0,1,-2640.3,730.644,30.0757,92.2376,736.03,1672.08,501.08,356.23,1611637362,0,0,0,0,0,0,0,0,0,0,0,0,0,0,0,0,0,0,0,0),(20,'-','Paradiso',150000,3,0,0,1,-2710.46,967.621,54.4609,157.707,4577.82,-2527.82,5.28,262.63,1611656809,0,0,0,0,0,0,0,0,0,0,0,0,0,0,0,0,0,0,0,0),(360,'-','Palisades',150000,3,0,0,1,-2871.98,697.646,23.4678,111.977,1237,-667.722,1085.69,358.407,1611666328,0,0,0,0,0,0,0,0,0,0,0,0,0,0,0,0,0,0,0,0),(361,'-','Paradiso',150000,3,1,0,1,-2706.69,864.742,70.7031,182.438,1224.34,-749.22,1085.72,265.59,1611666732,25,28,4,1,0,0,0,0,0,0,0,0,0,0,0,0,0,0,0,0);
/*!40000 ALTER TABLE `houses` ENABLE KEYS */;
UNLOCK TABLES;

--
-- Table structure for table `lockers`
--

DROP TABLE IF EXISTS `lockers`;
/*!40101 SET @saved_cs_client     = @@character_set_client */;
/*!40101 SET character_set_client = utf8 */;
CREATE TABLE `lockers` (
  `id` int(11) NOT NULL,
  `type` int(11) NOT NULL DEFAULT '0',
  `posx` float NOT NULL DEFAULT '0',
  `posy` float NOT NULL DEFAULT '0',
  `posz` float NOT NULL DEFAULT '0',
  `interior` int(11) NOT NULL DEFAULT '0',
  PRIMARY KEY (`id`)
) ENGINE=MyISAM DEFAULT CHARSET=latin1;
/*!40101 SET character_set_client = @saved_cs_client */;

--
-- Dumping data for table `lockers`
--

LOCK TABLES `lockers` WRITE;
/*!40000 ALTER TABLE `lockers` DISABLE KEYS */;
INSERT INTO `lockers` VALUES (0,1,261.699,111.026,1004.62,10),(1,1,1556.46,-1688.08,2113.03,0),(2,3,-1992.53,-80.2679,1060.99,1),(3,4,2465.24,2252.1,91.6868,1),(4,3,1468.35,-15.5427,1000.92,1),(5,5,-4120.79,868.09,10.0237,1),(7,2,357.778,150.822,1025.79,3),(6,4,2502.84,2477.53,-84.9054,1),(8,3,1269.94,-1308.82,1061.14,1),(9,2,367.982,216.732,1008.38,3);
/*!40000 ALTER TABLE `lockers` ENABLE KEYS */;
UNLOCK TABLES;

--
-- Table structure for table `loglogin`
--

DROP TABLE IF EXISTS `loglogin`;
/*!40101 SET @saved_cs_client     = @@character_set_client */;
/*!40101 SET character_set_client = utf8 */;
CREATE TABLE `loglogin` (
  `no` int(11) NOT NULL AUTO_INCREMENT,
  `username` varchar(40) NOT NULL DEFAULT 'None',
  `reg_id` int(11) NOT NULL DEFAULT '0',
  `password` varchar(40) NOT NULL DEFAULT 'None',
  `time` varchar(40) NOT NULL,
  PRIMARY KEY (`no`)
) ENGINE=MyISAM DEFAULT CHARSET=latin1;
/*!40101 SET character_set_client = @saved_cs_client */;

--
-- Dumping data for table `loglogin`
--

LOCK TABLES `loglogin` WRITE;
/*!40000 ALTER TABLE `loglogin` DISABLE KEYS */;
/*!40000 ALTER TABLE `loglogin` ENABLE KEYS */;
UNLOCK TABLES;

--
-- Table structure for table `logpay`
--

DROP TABLE IF EXISTS `logpay`;
/*!40101 SET @saved_cs_client     = @@character_set_client */;
/*!40101 SET character_set_client = utf8 */;
CREATE TABLE `logpay` (
  `player` varchar(40) NOT NULL DEFAULT 'None',
  `playerid` int(11) NOT NULL DEFAULT '0',
  `toplayer` varchar(40) NOT NULL DEFAULT 'None',
  `toplayerid` int(11) NOT NULL DEFAULT '0',
  `ammount` int(11) NOT NULL DEFAULT '0',
  `time` bigint(15) NOT NULL
) ENGINE=MyISAM DEFAULT CHARSET=latin1;
/*!40101 SET character_set_client = @saved_cs_client */;

--
-- Dumping data for table `logpay`
--

LOCK TABLES `logpay` WRITE;
/*!40000 ALTER TABLE `logpay` DISABLE KEYS */;
/*!40000 ALTER TABLE `logpay` ENABLE KEYS */;
UNLOCK TABLES;

--
-- Table structure for table `logstaff`
--

DROP TABLE IF EXISTS `logstaff`;
/*!40101 SET @saved_cs_client     = @@character_set_client */;
/*!40101 SET character_set_client = utf8 */;
CREATE TABLE `logstaff` (
  `command` varchar(50) NOT NULL,
  `admin` varchar(50) NOT NULL,
  `adminid` int(11) NOT NULL,
  `player` varchar(50) NOT NULL DEFAULT '*',
  `playerid` int(11) NOT NULL DEFAULT '-1',
  `str` varchar(50) NOT NULL DEFAULT '*',
  `time` bigint(15) unsigned NOT NULL
) ENGINE=MyISAM DEFAULT CHARSET=latin1;
/*!40101 SET character_set_client = @saved_cs_client */;

--
-- Dumping data for table `logstaff`
--

LOCK TABLES `logstaff` WRITE;
/*!40000 ALTER TABLE `logstaff` DISABLE KEYS */;
INSERT INTO `logstaff` VALUES ('SETLEADER','Cagus_Styler(Cagus)',1,'Cagus_Styler',1,'1',1675663490),('SETLEADER','Cagus_Styler(Cagus)',1,'Cagus_Styler',1,'2',1675663522),('SETLEADER','Cagus_Styler(Cagus)',1,'Cagus_Styler',1,'3',1675663637),('SETMONEY','Cagus_Styler(Cagus)',1,'Cagus_Styler',1,'200',1675663888),('SETLEADER','Cagus_Styler(Cagus)',1,'Cagus_Styler',1,'1',1675663960),('SETMONEY','Cagus_Styler(Cagus)',1,'Cagus_Styler',1,'1000',1675664326),('SETMONEY','Sugeng_Perkoso(None)',1,'Sugeng_Perkoso',1,'100000',1682092119),('GIVEMONEY','Dave_Mustaine(Gores)',2,'Dave_Mustaine',2,'40000',1682105075),('SETLEADER','Dave_Mustaine(Gores)',2,'Dave_Mustaine',2,'1',1682183017),('GIVEMONEY','Dave_Mustaine(Gores)',2,'Dave_Mustaine',2,'90000',1682183152),('SETADMINLEVEL','Dave_Mustaine(Gores)',2,'Aero_Zevalio',6,'6',1682244999),('SETADMINLEVEL','Dave_Mustaine(Gores)',2,'Aero_Zevalio',6,'6',1682245017),('GIVEMONEY','Aero_Zevalio(FAP)',6,'Swas_Tamita',5,'100000',1682247317),('SETLEADER','Aero_Zevalio(FAP)',6,'Swas_Tamita',5,'3',1682247613),('SETFACTION','Sugeng_Perkoso(None)',1,'Sugeng_Perkoso',1,'2(1 rank)',1682268653),('SETFACTION','Sugeng_Perkoso(None)',1,'Sugeng_Perkoso',1,'3(1 rank)',1682268750),('SETFACTION','Sugeng_Perkoso(None)',1,'Sugeng_Perkoso',1,'4(1 rank)',1682270308),('SETFACTION','Aero_Zevalio(FAP)',6,'Aero_Zevalio',6,'1(6 rank)',1682298447),('SETFACTION','Aero_Zevalio(FAP)',6,'Aero_Zevalio',6,'2(6 rank)',1682298659),('SETFACTION','Aero_Zevalio(FAP)',6,'Aero_Zevalio',6,'4(6 rank)',1682298686),('GIVEGOLD','Aero_Zevalio(FAP)',6,'Aero_Zevalio',6,'1000',1682302090),('SETVIP','Aero_Zevalio(FAP)',6,'Aero_Zevalio',6,'3(0 days)',1682302186),('SETBOOSTER','Aero_Zevalio(FAP)',6,'Aero_Zevalio',6,'(0 days)',1682302353),('SETLEADER','Aero_Zevalio(FAP)',6,'Aero_Zevalio',6,'0',1682785700),('SETLEADER','Aero_Zevalio(FAP)',6,'Aero_Zevalio',6,'3',1682785977);
/*!40000 ALTER TABLE `logstaff` ENABLE KEYS */;
UNLOCK TABLES;

--
-- Table structure for table `object`
--

DROP TABLE IF EXISTS `object`;
/*!40101 SET @saved_cs_client     = @@character_set_client */;
/*!40101 SET character_set_client = utf8 */;
CREATE TABLE `object` (
  `id` int(11) NOT NULL,
  `posx` float NOT NULL,
  `posy` float NOT NULL,
  `posz` float NOT NULL,
  `posrx` float NOT NULL,
  `posry` float NOT NULL,
  `posrz` float NOT NULL,
  `interior` int(11) NOT NULL DEFAULT '0',
  `world` int(11) NOT NULL DEFAULT '0',
  `object` bigint(20) NOT NULL
) ENGINE=InnoDB DEFAULT CHARSET=latin1;
/*!40101 SET character_set_client = @saved_cs_client */;

--
-- Dumping data for table `object`
--

LOCK TABLES `object` WRITE;
/*!40000 ALTER TABLE `object` DISABLE KEYS */;
/*!40000 ALTER TABLE `object` ENABLE KEYS */;
UNLOCK TABLES;

--
-- Table structure for table `ores`
--

DROP TABLE IF EXISTS `ores`;
/*!40101 SET @saved_cs_client     = @@character_set_client */;
/*!40101 SET character_set_client = utf8 */;
CREATE TABLE `ores` (
  `id` int(11) NOT NULL,
  `type` int(11) NOT NULL DEFAULT '0',
  `posx` float DEFAULT '0',
  `posy` float DEFAULT '0',
  `posz` float DEFAULT '0',
  `posrx` float DEFAULT '0',
  `posry` float DEFAULT '0',
  `posrz` float DEFAULT '0',
  PRIMARY KEY (`id`)
) ENGINE=MyISAM DEFAULT CHARSET=latin1;
/*!40101 SET character_set_client = @saved_cs_client */;

--
-- Dumping data for table `ores`
--

LOCK TABLES `ores` WRITE;
/*!40000 ALTER TABLE `ores` DISABLE KEYS */;
INSERT INTO `ores` VALUES (0,0,464.381,866.534,-28.387,0,0,0),(1,1,555.939,928.367,-43.5709,0,0,0),(2,0,613.141,865.3,-43.5509,0,0,0),(3,1,637.747,831.97,-43.6309,0,0,0),(4,0,671.772,927.05,-41.4543,0,0,0),(5,0,652.36,738.067,-11.904,0,0,0),(6,1,640.83,731.161,-2.64683,0,0,0),(7,1,500.121,781.126,-21.9991,0,0,0),(8,0,488.845,785.109,-22.3256,0,0,0),(9,1,685.946,820.716,-28.3049,0,0,0),(10,0,562.108,982.26,-7.96277,0,0,0),(11,0,535.467,909.043,-43.4109,0,0,0),(12,0,539.144,882.115,-36.6565,0,0,0),(13,1,461.884,884.778,-28.8179,0,0,0),(14,1,698.502,841.609,-28.2711,0,0,0),(15,1,487.904,800.007,-22.22,0,0,0),(16,0,546.501,824.598,-29.9684,0,0,0),(17,1,576.64,805.685,-29.4404,0,0,0),(18,1,554.326,786.207,-19.1056,0,0,0),(19,1,709.745,921.678,-19.4611,0,0,0),(20,0,714.078,913.618,-19.2864,0,0,0),(21,1,744.818,776.606,-8.06283,0,0,0),(22,0,600.437,932.102,-41.5237,0,0,0),(23,0,597.532,829.781,-43.959,0,0,0),(24,1,540.974,842.47,-42.1793,0,0,0),(25,1,696.797,844.561,-28.9438,0,0,0);
/*!40000 ALTER TABLE `ores` ENABLE KEYS */;
UNLOCK TABLES;

--
-- Table structure for table `parks`
--

DROP TABLE IF EXISTS `parks`;
/*!40101 SET @saved_cs_client     = @@character_set_client */;
/*!40101 SET character_set_client = utf8 */;
CREATE TABLE `parks` (
  `id` int(11) DEFAULT '0',
  `posx` float DEFAULT '0',
  `posy` float DEFAULT '0',
  `posz` float DEFAULT '0',
  `interior` int(11) DEFAULT '0',
  `world` int(11) DEFAULT '0'
) ENGINE=InnoDB DEFAULT CHARSET=utf8mb4;
/*!40101 SET character_set_client = @saved_cs_client */;

--
-- Dumping data for table `parks`
--

LOCK TABLES `parks` WRITE;
/*!40000 ALTER TABLE `parks` DISABLE KEYS */;
/*!40000 ALTER TABLE `parks` ENABLE KEYS */;
UNLOCK TABLES;

--
-- Table structure for table `plants`
--

DROP TABLE IF EXISTS `plants`;
/*!40101 SET @saved_cs_client     = @@character_set_client */;
/*!40101 SET character_set_client = utf8 */;
CREATE TABLE `plants` (
  `id` int(11) NOT NULL,
  `type` int(11) NOT NULL DEFAULT '0',
  `time` int(11) NOT NULL DEFAULT '0',
  `posx` float NOT NULL DEFAULT '0',
  `posy` float NOT NULL DEFAULT '0',
  `posz` float NOT NULL DEFAULT '0',
  PRIMARY KEY (`id`)
) ENGINE=MyISAM DEFAULT CHARSET=latin1;
/*!40101 SET character_set_client = @saved_cs_client */;

--
-- Dumping data for table `plants`
--

LOCK TABLES `plants` WRITE;
/*!40000 ALTER TABLE `plants` DISABLE KEYS */;
INSERT INTO `plants` VALUES (8,4,4500,-273.762,-1534.15,4.69936),(0,2,0,-529.161,-1315.23,19.3467),(7,4,4500,-425.305,-1650.9,15.9774),(6,3,0,-500.799,-1292.61,27.9711),(18,1,0,-406.039,-1597.09,21.2348),(9,2,0,-529.112,-1320.26,18.8422),(10,4,4500,-273.056,-1538.18,4.5781);
/*!40000 ALTER TABLE `plants` ENABLE KEYS */;
UNLOCK TABLES;

--
-- Table structure for table `players`
--

DROP TABLE IF EXISTS `players`;
/*!40101 SET @saved_cs_client     = @@character_set_client */;
/*!40101 SET character_set_client = utf8 */;
CREATE TABLE `players` (
  `reg_id` int(11) unsigned NOT NULL AUTO_INCREMENT,
  `username` varchar(24) NOT NULL DEFAULT '',
  `ucp` varchar(22) NOT NULL DEFAULT '',
  `adminname` varchar(24) NOT NULL DEFAULT 'None',
  `twittername` varchar(64) NOT NULL DEFAULT 'None',
  `ip` varchar(24) NOT NULL DEFAULT '',
  `password` char(64) NOT NULL DEFAULT '',
  `salt` char(16) NOT NULL DEFAULT '',
  `email` varchar(40) NOT NULL DEFAULT 'None',
  `characterstory` int(11) NOT NULL DEFAULT '0',
  `admin` tinyint(3) unsigned NOT NULL DEFAULT '0',
  `helper` tinyint(3) unsigned NOT NULL DEFAULT '0',
  `level` int(11) unsigned NOT NULL DEFAULT '1',
  `levelup` int(11) unsigned NOT NULL DEFAULT '0',
  `vip` tinyint(3) unsigned NOT NULL DEFAULT '0',
  `vip_time` bigint(16) unsigned NOT NULL DEFAULT '0',
  `gold` int(11) NOT NULL DEFAULT '0',
  `reg_date` varchar(30) NOT NULL DEFAULT '',
  `last_login` varchar(30) NOT NULL DEFAULT '',
  `money` int(11) NOT NULL DEFAULT '0',
  `bmoney` int(11) NOT NULL DEFAULT '0',
  `brek` mediumint(8) unsigned NOT NULL DEFAULT '0',
  `phone` mediumint(8) unsigned NOT NULL,
  `phonecredit` int(11) unsigned NOT NULL DEFAULT '0',
  `phonebook` tinyint(3) unsigned NOT NULL DEFAULT '0',
  `wt` int(11) unsigned NOT NULL DEFAULT '0',
  `hours` int(11) unsigned NOT NULL DEFAULT '0',
  `minutes` int(11) unsigned NOT NULL DEFAULT '0',
  `seconds` int(11) unsigned NOT NULL DEFAULT '0',
  `paycheck` int(11) unsigned NOT NULL DEFAULT '0',
  `skin` smallint(5) unsigned NOT NULL DEFAULT '0',
  `facskin` smallint(5) unsigned NOT NULL DEFAULT '0',
  `gender` tinyint(3) unsigned NOT NULL DEFAULT '0',
  `age` varchar(30) NOT NULL DEFAULT '',
  `indoor` mediumint(8) NOT NULL DEFAULT '-1',
  `inbiz` mediumint(8) NOT NULL DEFAULT '-1',
  `inhouse` mediumint(8) NOT NULL DEFAULT '-1',
  `posx` float NOT NULL DEFAULT '0',
  `posy` float NOT NULL DEFAULT '0',
  `posz` float NOT NULL DEFAULT '0',
  `posa` float NOT NULL DEFAULT '0',
  `interior` int(11) unsigned NOT NULL DEFAULT '0',
  `world` int(11) unsigned NOT NULL DEFAULT '0',
  `health` float NOT NULL DEFAULT '100',
  `armour` float NOT NULL DEFAULT '0',
  `hunger` smallint(5) NOT NULL DEFAULT '100',
  `bladder` smallint(5) NOT NULL DEFAULT '100',
  `energy` smallint(5) NOT NULL DEFAULT '100',
  `sick` tinyint(3) unsigned NOT NULL DEFAULT '0',
  `hospital` tinyint(3) unsigned NOT NULL DEFAULT '0',
  `injured` tinyint(3) unsigned NOT NULL DEFAULT '0',
  `duty` tinyint(3) unsigned NOT NULL DEFAULT '0',
  `dutytime` int(11) unsigned NOT NULL DEFAULT '0',
  `faction` tinyint(3) unsigned NOT NULL DEFAULT '0',
  `factionrank` tinyint(3) unsigned NOT NULL DEFAULT '0',
  `factionlead` tinyint(3) unsigned NOT NULL DEFAULT '0',
  `family` tinyint(3) NOT NULL DEFAULT '-1',
  `familyrank` tinyint(3) unsigned NOT NULL DEFAULT '0',
  `jail` int(11) unsigned NOT NULL DEFAULT '0',
  `jail_time` int(11) unsigned NOT NULL DEFAULT '0',
  `arrest` tinyint(3) unsigned NOT NULL DEFAULT '0',
  `arrest_time` int(11) unsigned NOT NULL DEFAULT '0',
  `warn` tinyint(3) unsigned NOT NULL DEFAULT '0',
  `job` tinyint(3) unsigned NOT NULL DEFAULT '0',
  `job2` tinyint(3) unsigned NOT NULL DEFAULT '0',
  `jobtime` int(11) unsigned NOT NULL DEFAULT '0',
  `sidejobtime` int(11) unsigned NOT NULL DEFAULT '0',
  `exitjob` bigint(16) unsigned NOT NULL DEFAULT '0',
  `taxitime` int(11) unsigned NOT NULL DEFAULT '0',
  `medicine` mediumint(8) NOT NULL DEFAULT '0',
  `medkit` mediumint(8) NOT NULL DEFAULT '0',
  `mask` tinyint(3) unsigned NOT NULL DEFAULT '0',
  `helmet` tinyint(3) unsigned NOT NULL DEFAULT '0',
  `snack` mediumint(8) NOT NULL DEFAULT '0',
  `sprunk` mediumint(8) NOT NULL DEFAULT '0',
  `gas` mediumint(8) NOT NULL DEFAULT '0',
  `bandage` mediumint(8) NOT NULL DEFAULT '0',
  `gps` tinyint(3) unsigned NOT NULL DEFAULT '0',
  `material` mediumint(8) NOT NULL DEFAULT '0',
  `component` mediumint(8) NOT NULL DEFAULT '0',
  `food` mediumint(8) NOT NULL DEFAULT '0',
  `seed` mediumint(8) NOT NULL DEFAULT '0',
  `potato` mediumint(8) NOT NULL DEFAULT '0',
  `wheat` mediumint(8) NOT NULL DEFAULT '0',
  `orange` mediumint(8) NOT NULL DEFAULT '0',
  `price1` mediumint(8) unsigned NOT NULL DEFAULT '0',
  `price2` mediumint(8) unsigned NOT NULL DEFAULT '0',
  `price3` mediumint(8) unsigned NOT NULL DEFAULT '0',
  `price4` mediumint(8) unsigned NOT NULL DEFAULT '0',
  `marijuana` mediumint(8) NOT NULL DEFAULT '0',
  `plant` tinyint(3) unsigned NOT NULL DEFAULT '0',
  `plant_time` int(11) unsigned NOT NULL DEFAULT '0',
  `fishtool` tinyint(3) NOT NULL DEFAULT '0',
  `fish` mediumint(8) NOT NULL DEFAULT '0',
  `worm` mediumint(8) NOT NULL DEFAULT '0',
  `idcard` tinyint(3) unsigned NOT NULL DEFAULT '0',
  `idcard_time` bigint(16) unsigned NOT NULL DEFAULT '0',
  `drivelic` tinyint(3) unsigned NOT NULL DEFAULT '0',
  `drivelic_time` bigint(16) unsigned NOT NULL DEFAULT '0',
  `hbemode` tinyint(3) unsigned NOT NULL DEFAULT '1',
  `togpm` tinyint(3) unsigned NOT NULL DEFAULT '0',
  `toglog` tinyint(3) unsigned NOT NULL DEFAULT '0',
  `togads` tinyint(3) unsigned NOT NULL DEFAULT '0',
  `togwt` tinyint(3) unsigned NOT NULL DEFAULT '0',
  `Gun1` int(11) unsigned NOT NULL DEFAULT '0',
  `Gun2` int(11) unsigned NOT NULL DEFAULT '0',
  `Gun3` int(11) unsigned NOT NULL DEFAULT '0',
  `Gun4` int(11) unsigned NOT NULL DEFAULT '0',
  `Gun5` int(11) unsigned NOT NULL DEFAULT '0',
  `Gun6` int(11) unsigned NOT NULL DEFAULT '0',
  `Gun7` int(11) unsigned NOT NULL DEFAULT '0',
  `Gun8` int(11) unsigned NOT NULL DEFAULT '0',
  `Gun9` int(11) unsigned NOT NULL DEFAULT '0',
  `Gun10` int(11) unsigned NOT NULL DEFAULT '0',
  `Gun11` int(11) unsigned NOT NULL DEFAULT '0',
  `Gun12` int(11) unsigned NOT NULL DEFAULT '0',
  `Gun13` int(11) unsigned NOT NULL DEFAULT '0',
  `Ammo1` int(11) unsigned NOT NULL DEFAULT '0',
  `Ammo2` int(11) unsigned NOT NULL DEFAULT '0',
  `Ammo3` int(11) unsigned NOT NULL DEFAULT '0',
  `Ammo4` int(11) unsigned NOT NULL DEFAULT '0',
  `Ammo5` int(11) unsigned NOT NULL DEFAULT '0',
  `Ammo6` int(11) unsigned NOT NULL DEFAULT '0',
  `Ammo7` int(11) unsigned NOT NULL DEFAULT '0',
  `Ammo8` int(11) unsigned NOT NULL DEFAULT '0',
  `Ammo9` int(11) unsigned NOT NULL DEFAULT '0',
  `Ammo10` int(11) unsigned NOT NULL DEFAULT '0',
  `Ammo11` int(11) unsigned NOT NULL DEFAULT '0',
  `Ammo12` int(11) unsigned NOT NULL DEFAULT '0',
  `Ammo13` int(11) unsigned NOT NULL DEFAULT '0',
  `starterpack` int(11) NOT NULL DEFAULT '0',
  PRIMARY KEY (`reg_id`)
) ENGINE=MyISAM AUTO_INCREMENT=10 DEFAULT CHARSET=latin1;
/*!40101 SET character_set_client = @saved_cs_client */;

--
-- Dumping data for table `players`
--

LOCK TABLES `players` WRITE;
/*!40000 ALTER TABLE `players` DISABLE KEYS */;
INSERT INTO `players` VALUES (1,'Sugeng_Perkoso','SugengGod','None','','255.255.255.255','','','None',0,6,0,1,0,0,0,0,'2023-04-21 15:40:18','2023-04-30 18:22:46',70390,200,927127,0,0,0,0,0,48,21,2901,98,0,1,'09/09/2000',-1,-1,-1,1820.53,-1848.55,13.7141,233.75,0,0,87,0,16,11,15,0,0,0,0,0,4,1,0,-1,0,0,0,0,0,0,0,0,0,0,0,0,0,0,0,0,0,0,0,0,0,0,0,0,0,0,0,0,0,0,0,0,0,0,0,0,0,0,0,0,0,0,1,0,0,0,0,0,0,0,0,0,0,0,0,0,0,0,0,0,0,0,0,0,0,0,0,0,0,0,0,0,0,1),(2,'Dave_Mustaine','Pelimutono','Gores','None','255.255.255.255','','','None',0,10,0,1,0,0,0,0,'2023-04-21 19:11:09','2023-04-25 11:28:17',30700,0,277107,0,0,0,0,0,50,20,3020,7,0,1,'04/07/2000',-1,-1,-1,1198.91,-932.267,43.0343,291.407,0,0,37,0,91,84,87,0,0,0,0,0,1,6,1,-1,0,0,0,0,0,0,0,0,0,0,0,0,0,0,0,0,0,0,0,0,1,0,0,0,0,0,0,0,0,0,0,0,0,0,0,0,0,0,0,0,0,0,1,0,0,0,0,0,0,0,0,0,0,0,0,0,0,0,0,0,0,0,0,0,0,0,0,0,0,0,0,0,0,0),(3,'Mupi_Poeki','meki','None','','255.255.255.255','','','None',0,0,0,1,0,0,0,0,'2023-04-22 15:04:53','2023-04-22 15:44:27',250,200,365256,0,0,0,0,0,1,41,101,6,0,1,'09/09/2000',-1,-1,-1,1752.48,-1853.79,13.7141,266.53,0,0,100,0,100,100,100,0,0,0,0,0,0,0,0,-1,0,0,0,0,0,0,0,0,0,0,0,0,0,0,0,0,0,0,0,0,0,0,0,0,0,0,0,0,0,0,0,0,0,0,0,0,0,0,0,0,0,0,1,0,0,0,0,0,0,0,0,0,0,0,0,0,0,0,0,0,0,0,0,0,0,0,0,0,0,0,0,0,0,0),(6,'Aero_Zevalio','Aero','FAP','','255.255.255.255','','','None',0,6,0,31,6,3,0,1000,'2023-04-23 02:32:26','2023-04-29 17:21:48',689572,1000000,654321,4321,20,1,0,6,21,39,6100,137,0,1,'01/01/1999',-1,-1,-1,834.855,-872.354,69.1315,24.0124,0,0,91,0,54,28,40,0,0,0,0,0,3,6,3,-1,0,0,0,0,0,0,2,0,0,0,0,0,0,0,0,0,2,1,1,0,1,0,0,0,0,0,0,0,0,0,0,0,0,0,0,0,0,0,1,1683543920,1,1683543822,1,0,0,0,0,0,0,24,0,0,0,0,0,0,0,0,0,0,0,0,74,0,0,0,0,0,0,0,0,0,0,1),(5,'Swas_Tamita','Swas','None','','255.255.255.255','','','None',0,0,0,1,3,0,0,0,'2023-04-23 02:13:48','2023-04-24 06:16:23',101549,200,659044,2668,0,0,0,3,6,34,11194,192,308,2,'01/01/2003',-1,-1,-1,1827.03,-1863.81,12.9746,288.154,0,0,107,0,55,90,45,0,0,0,0,288,3,6,3,-1,0,0,0,0,0,0,0,0,0,0,0,0,0,0,0,0,0,0,2,0,1,0,0,0,0,0,0,0,0,0,0,0,0,0,0,0,0,0,0,0,1,1683611129,1,0,0,0,0,0,0,0,0,0,0,0,0,0,0,0,0,0,0,0,0,0,0,0,0,0,0,0,0,0,0,1),(7,'Parrell_Abdillah','ParrellID','ParrellID','','103.160.184.12','','','None',0,6,6,999,0,0,0,0,'2023-04-23 02:53:58','2023-04-25 09:35:05',999863449,999999999,120907,3408,20,1,1,0,23,13,1393,74,0,1,'12/09/2000',-1,-1,-1,2487.41,-1668.72,13.6438,282.436,0,0,67,0,94,89,91,0,0,0,0,0,0,0,0,-1,0,0,0,0,0,0,0,0,0,0,0,0,0,0,0,0,0,0,0,0,1,0,0,0,0,0,0,0,0,0,0,0,0,0,0,0,0,0,1,1683557199,0,0,1,0,0,0,0,0,0,0,0,0,0,0,0,0,0,0,0,0,0,0,0,0,0,0,0,0,0,0,0,0,0,0),(8,'Jhon_Andreas','JhonAndreas','None','','255.255.255.255','','','None',0,0,0,1,0,0,0,0,'2023-04-23 03:22:47','2023-04-30 09:40:03',1150,200,852363,3698,20,0,0,0,50,15,3015,299,0,1,'13/03/2004',-1,-1,-1,-250.25,-1401.38,10.6022,270.669,0,0,125,100,82,72,76,0,0,0,0,0,0,0,0,-1,0,0,0,0,0,0,0,0,0,0,0,0,0,0,0,0,0,0,0,0,1,0,0,0,0,0,0,0,0,0,0,0,0,0,0,0,0,0,0,0,0,0,1,0,0,0,0,0,0,0,0,0,0,0,0,0,0,0,0,0,0,0,0,0,0,0,0,0,0,0,0,0,0,1),(9,'Brayen_Toretto','Brayen','None','','114.5.249.112','','','None',0,0,0,1,0,0,0,0,'2023-04-24 02:39:02','2023-04-24 02:41:54',250,200,530743,0,0,0,0,0,2,52,172,4,0,1,'29/01/2000',-1,-1,-1,1702.16,-1860.18,13.8779,89.66,0,0,100,0,99,99,99,0,0,0,0,0,0,0,0,-1,0,0,0,0,0,0,0,0,0,0,0,0,0,0,0,0,0,0,0,0,0,0,0,0,0,0,0,0,0,0,0,0,0,0,0,0,0,0,0,0,0,0,1,0,0,0,0,0,0,0,0,0,0,0,0,0,0,0,0,0,0,0,0,0,0,0,0,0,0,0,0,0,0,0);
/*!40000 ALTER TABLE `players` ENABLE KEYS */;
UNLOCK TABLES;

--
-- Table structure for table `salary`
--

DROP TABLE IF EXISTS `salary`;
/*!40101 SET @saved_cs_client     = @@character_set_client */;
/*!40101 SET character_set_client = utf8 */;
CREATE TABLE `salary` (
  `id` bigint(20) NOT NULL,
  `owner` int(11) DEFAULT '0',
  `info` varchar(46) DEFAULT '',
  `money` int(11) NOT NULL DEFAULT '0',
  `date` varchar(36) DEFAULT ''
) ENGINE=MyISAM DEFAULT CHARSET=latin1;
/*!40101 SET character_set_client = @saved_cs_client */;

--
-- Dumping data for table `salary`
--

LOCK TABLES `salary` WRITE;
/*!40000 ALTER TABLE `salary` DISABLE KEYS */;
INSERT INTO `salary` VALUES (0,6,'Sidejob(Sweeper)',150,'2023-04-23 03:22:38'),(0,6,'Bonus Boost ( RP Booster )',200,'2023-04-24 02:17:38'),(0,6,'Sidejob(Sweeper)',150,'2023-04-24 05:43:21'),(0,5,'Sidejob(Sweeper)',150,'2023-04-24 05:43:23'),(0,6,'Sidejob(Bus)',200,'2023-04-24 05:49:46'),(0,5,'Sidejob(Bus)',200,'2023-04-24 05:49:54'),(0,5,'Sidejob(Forklift)',70,'2023-04-24 05:58:34'),(0,5,'Sidejob(Forklift)',70,'2023-04-24 06:01:58'),(0,6,'Sidejob(Forklift)',70,'2023-04-24 06:02:48'),(0,6,'Bonus Boost ( RP Booster )',200,'2023-04-24 07:15:44'),(0,6,'Bonus Boost ( RP Booster )',200,'2023-04-29 17:20:09');
/*!40000 ALTER TABLE `salary` ENABLE KEYS */;
UNLOCK TABLES;

--
-- Table structure for table `server`
--

DROP TABLE IF EXISTS `server`;
/*!40101 SET @saved_cs_client     = @@character_set_client */;
/*!40101 SET character_set_client = utf8 */;
CREATE TABLE `server` (
  `id` int(11) NOT NULL DEFAULT '0',
  `servermoney` int(11) NOT NULL DEFAULT '0',
  `material` int(11) NOT NULL DEFAULT '500',
  `materialprice` int(11) NOT NULL DEFAULT '10',
  `lumberprice` int(11) NOT NULL DEFAULT '800',
  `component` int(11) NOT NULL DEFAULT '500',
  `componentprice` int(11) NOT NULL DEFAULT '10',
  `metalprice` int(11) NOT NULL DEFAULT '500',
  `gasoil` int(11) NOT NULL DEFAULT '1000',
  `gasoilprice` int(11) NOT NULL DEFAULT '10',
  `coalprice` int(11) NOT NULL DEFAULT '500',
  `product` int(11) NOT NULL DEFAULT '500',
  `productprice` int(11) NOT NULL DEFAULT '20',
  `apotek` int(11) NOT NULL DEFAULT '500',
  `medicineprice` int(11) NOT NULL DEFAULT '300',
  `medkitprice` int(11) NOT NULL DEFAULT '500',
  `food` int(11) NOT NULL DEFAULT '500',
  `foodprice` int(11) NOT NULL DEFAULT '100',
  `seedprice` int(11) NOT NULL DEFAULT '10',
  `potatoprice` int(11) NOT NULL DEFAULT '10',
  `wheatprice` int(11) NOT NULL DEFAULT '10',
  `orangeprice` int(11) NOT NULL DEFAULT '10',
  `marijuana` int(11) NOT NULL DEFAULT '500',
  `marijuanaprice` int(11) NOT NULL DEFAULT '10',
  `fishprice` int(11) NOT NULL DEFAULT '100',
  `gstationprice` int(11) NOT NULL DEFAULT '100',
  `obatmyr` int(11) NOT NULL DEFAULT '0',
  `obatprice` int(11) NOT NULL DEFAULT '0',
  `crateforklift` int(11) NOT NULL DEFAULT '0',
  `cratekurir` int(11) NOT NULL DEFAULT '0',
  `paper` int(11) NOT NULL DEFAULT '0',
  `paperprice` int(11) NOT NULL DEFAULT '0',
  `hgschema` int(11) NOT NULL DEFAULT '0',
  `arschema` int(11) NOT NULL DEFAULT '0',
  `smgschema` int(11) NOT NULL DEFAULT '0',
  `hgprice` int(11) NOT NULL DEFAULT '70',
  `arprice` int(11) NOT NULL DEFAULT '220',
  `smgprice` int(11) NOT NULL DEFAULT '200',
  PRIMARY KEY (`id`)
) ENGINE=MyISAM DEFAULT CHARSET=latin1;
/*!40101 SET character_set_client = @saved_cs_client */;

--
-- Dumping data for table `server`
--

LOCK TABLES `server` WRITE;
/*!40000 ALTER TABLE `server` DISABLE KEYS */;
INSERT INTO `server` VALUES (0,1454689776,1340,4,50,967,2,50,20952,3,45,100,8,5000,200,300,0,2,5,10,50,30,534,128,13,1,339,200,99,30,200,0,0,10,5,220,70,200);
/*!40000 ALTER TABLE `server` ENABLE KEYS */;
UNLOCK TABLES;

--
-- Table structure for table `toys`
--

DROP TABLE IF EXISTS `toys`;
/*!40101 SET @saved_cs_client     = @@character_set_client */;
/*!40101 SET character_set_client = utf8 */;
CREATE TABLE `toys` (
  `Id` int(10) NOT NULL,
  `Owner` varchar(40) NOT NULL DEFAULT '',
  `Slot0_Model` int(8) NOT NULL DEFAULT '0',
  `Slot0_Bone` int(8) NOT NULL DEFAULT '0',
  `Slot0_XPos` float(20,3) NOT NULL DEFAULT '0.000',
  `Slot0_YPos` float(20,3) NOT NULL DEFAULT '0.000',
  `Slot0_ZPos` float(20,3) NOT NULL DEFAULT '0.000',
  `Slot0_XRot` float(20,3) NOT NULL DEFAULT '0.000',
  `Slot0_YRot` float(20,3) NOT NULL DEFAULT '0.000',
  `Slot0_ZRot` float(20,3) NOT NULL DEFAULT '0.000',
  `Slot0_XScale` float(20,3) NOT NULL DEFAULT '0.000',
  `Slot0_YScale` float(20,3) NOT NULL DEFAULT '0.000',
  `Slot0_ZScale` float(20,3) NOT NULL DEFAULT '0.000',
  `Slot1_Model` int(8) NOT NULL DEFAULT '0',
  `Slot1_Bone` int(8) NOT NULL DEFAULT '0',
  `Slot1_XPos` float(20,3) NOT NULL DEFAULT '0.000',
  `Slot1_YPos` float(20,3) NOT NULL DEFAULT '0.000',
  `Slot1_ZPos` float(20,3) NOT NULL DEFAULT '0.000',
  `Slot1_XRot` float(20,3) NOT NULL DEFAULT '0.000',
  `Slot1_YRot` float(20,3) NOT NULL DEFAULT '0.000',
  `Slot1_ZRot` float(20,3) NOT NULL DEFAULT '0.000',
  `Slot1_XScale` float(20,3) NOT NULL DEFAULT '0.000',
  `Slot1_YScale` float(20,3) NOT NULL DEFAULT '0.000',
  `Slot1_ZScale` float(20,3) NOT NULL DEFAULT '0.000',
  `Slot2_Model` int(8) NOT NULL DEFAULT '0',
  `Slot2_Bone` int(8) NOT NULL DEFAULT '0',
  `Slot2_XPos` float(20,3) NOT NULL DEFAULT '0.000',
  `Slot2_YPos` float(20,3) NOT NULL DEFAULT '0.000',
  `Slot2_ZPos` float(20,3) NOT NULL DEFAULT '0.000',
  `Slot2_XRot` float(20,3) NOT NULL DEFAULT '0.000',
  `Slot2_YRot` float(20,3) NOT NULL DEFAULT '0.000',
  `Slot2_ZRot` float(20,3) NOT NULL DEFAULT '0.000',
  `Slot2_XScale` float(20,3) NOT NULL DEFAULT '0.000',
  `Slot2_YScale` float(20,3) NOT NULL DEFAULT '0.000',
  `Slot2_ZScale` float(20,3) NOT NULL DEFAULT '0.000',
  `Slot3_Model` int(8) NOT NULL DEFAULT '0',
  `Slot3_Bone` int(8) NOT NULL DEFAULT '0',
  `Slot3_XPos` float(20,3) NOT NULL DEFAULT '0.000',
  `Slot3_YPos` float(20,3) NOT NULL DEFAULT '0.000',
  `Slot3_ZPos` float(20,3) NOT NULL DEFAULT '0.000',
  `Slot3_XRot` float(20,3) NOT NULL DEFAULT '0.000',
  `Slot3_YRot` float(20,3) NOT NULL DEFAULT '0.000',
  `Slot3_ZRot` float(20,3) NOT NULL DEFAULT '0.000',
  `Slot3_XScale` float(20,3) NOT NULL DEFAULT '0.000',
  `Slot3_YScale` float(20,3) NOT NULL DEFAULT '0.000',
  `Slot3_ZScale` float(20,3) NOT NULL DEFAULT '0.000',
  `Slot4_Model` int(8) NOT NULL DEFAULT '0',
  `Slot4_Bone` int(8) NOT NULL DEFAULT '0',
  `Slot4_XPos` float(20,3) NOT NULL DEFAULT '0.000',
  `Slot4_YPos` float(20,3) NOT NULL DEFAULT '0.000',
  `Slot4_ZPos` float(20,3) NOT NULL DEFAULT '0.000',
  `Slot4_XRot` float(20,3) NOT NULL DEFAULT '0.000',
  `Slot4_YRot` float(20,3) NOT NULL DEFAULT '0.000',
  `Slot4_ZRot` float(20,3) NOT NULL DEFAULT '0.000',
  `Slot4_XScale` float(20,3) NOT NULL DEFAULT '0.000',
  `Slot4_YScale` float(20,3) NOT NULL DEFAULT '0.000',
  `Slot4_ZScale` float(20,3) NOT NULL DEFAULT '0.000',
  `Slot5_Model` int(8) NOT NULL DEFAULT '0',
  `Slot5_Bone` int(8) NOT NULL DEFAULT '0',
  `Slot5_XPos` float(20,3) NOT NULL DEFAULT '0.000',
  `Slot5_YPos` float(20,3) NOT NULL DEFAULT '0.000',
  `Slot5_ZPos` float(20,3) NOT NULL DEFAULT '0.000',
  `Slot5_XRot` float(20,3) NOT NULL DEFAULT '0.000',
  `Slot5_YRot` float(20,3) NOT NULL DEFAULT '0.000',
  `Slot5_ZRot` float(20,3) NOT NULL DEFAULT '0.000',
  `Slot5_XScale` float(20,3) NOT NULL DEFAULT '0.000',
  `Slot5_YScale` float(20,3) NOT NULL DEFAULT '0.000',
  `Slot5_ZScale` float(20,3) NOT NULL DEFAULT '0.000'
) ENGINE=MyISAM DEFAULT CHARSET=latin1;
/*!40101 SET character_set_client = @saved_cs_client */;

--
-- Dumping data for table `toys`
--

LOCK TABLES `toys` WRITE;
/*!40000 ALTER TABLE `toys` DISABLE KEYS */;
/*!40000 ALTER TABLE `toys` ENABLE KEYS */;
UNLOCK TABLES;

--
-- Table structure for table `trees`
--

DROP TABLE IF EXISTS `trees`;
/*!40101 SET @saved_cs_client     = @@character_set_client */;
/*!40101 SET character_set_client = utf8 */;
CREATE TABLE `trees` (
  `id` int(11) NOT NULL,
  `posx` float DEFAULT NULL,
  `posy` float DEFAULT NULL,
  `posz` float DEFAULT NULL,
  `posrx` float DEFAULT NULL,
  `posry` float DEFAULT NULL,
  `posrz` float DEFAULT NULL,
  PRIMARY KEY (`id`)
) ENGINE=MyISAM DEFAULT CHARSET=latin1;
/*!40101 SET character_set_client = @saved_cs_client */;

--
-- Dumping data for table `trees`
--

LOCK TABLES `trees` WRITE;
/*!40000 ALTER TABLE `trees` DISABLE KEYS */;
INSERT INTO `trees` VALUES (0,-523.63,-2247.73,34.5218,0,0,0),(1,-623.954,-2261.36,23.9413,0,0,0),(2,-628.714,-2394,29.5843,0,0,0),(3,-735.625,-2254.4,27.5423,0,0,0),(4,-657.756,-2140.98,24.2563,0,0,0),(5,-654.44,-2074.7,25.9842,0,0,0),(6,-546.637,-1999.71,48.0892,0,0,0),(7,-731.541,-2189.38,34.526,0,0,0),(8,-732.679,-2200.2,34.5699,0,0,0),(9,-739.308,-2193.72,34.6548,0,0,0),(10,-865.874,-2199.14,29.0169,0,0,0),(11,-814.336,-2247.82,37.77,0,0,0),(12,-878.67,-2367.51,68.2969,0,0,0),(13,-861.714,-2381.68,69.0388,0,0,0),(14,-972.936,-2322.47,62.7628,0,0,0),(15,-1043.86,-2303.47,55.4699,0,0,0),(16,-979.795,-2391.9,70.2428,0,0,0),(17,-928.635,-2531.78,114.824,0,0,0),(18,-928.943,-2555.48,114.897,0,0,0),(19,-889.914,-2502.48,110.088,0,0,0),(20,-874.672,-2612.06,95.074,0,0,0),(21,-622.4,-2263.39,23.9615,0,0,0),(22,-552.445,-2272.94,28.3696,0,0,0),(23,-1065.08,-2548.24,68.1407,0,0,0),(24,-744.504,-2441.61,65.1923,0,0,0),(25,-818.597,-2657.71,91.0869,0,0,0),(26,-734.419,-2690.28,86.7166,0,0,0),(27,-686.676,-2630.36,82.9661,0,0,0),(28,-707.708,-2695.28,91.3966,0,0,0),(29,-757.89,-2538.72,90.0414,0,0,0),(30,-748.443,-2509.77,81.1096,0,0,0);
/*!40000 ALTER TABLE `trees` ENABLE KEYS */;
UNLOCK TABLES;

--
-- Table structure for table `ucp`
--

DROP TABLE IF EXISTS `ucp`;
/*!40101 SET @saved_cs_client     = @@character_set_client */;
/*!40101 SET character_set_client = utf8 */;
CREATE TABLE `ucp` (
  `id` int(11) NOT NULL AUTO_INCREMENT,
  `username` varchar(25) NOT NULL DEFAULT '',
  `password` varchar(129) NOT NULL DEFAULT 'None',
  `salt` varchar(65) NOT NULL DEFAULT '',
  `discordid` bigint(20) NOT NULL,
  `pin` int(11) NOT NULL,
  `ip` varchar(17) NOT NULL DEFAULT '127.0.0.1',
  `admin` int(4) NOT NULL DEFAULT '0',
  `registerdate` int(32) NOT NULL DEFAULT '0',
  PRIMARY KEY (`id`),
  UNIQUE KEY `Username` (`username`)
) ENGINE=InnoDB AUTO_INCREMENT=29 DEFAULT CHARSET=latin1;
/*!40101 SET character_set_client = @saved_cs_client */;

--
-- Dumping data for table `ucp`
--

LOCK TABLES `ucp` WRITE;
/*!40000 ALTER TABLE `ucp` DISABLE KEYS */;
INSERT INTO `ucp` VALUES (1,'SugengGod','59CC3889502E7EBD043B08E5DFAFDB4D542A47F2A4BBFE66769A8233E8DB5B2E','roNOXS7:1m2;U_9|`iUrI[S3MO>qa06{;R97FxAR0YX>nGnTu0@XjFrq0o>ZW=B|',0,0,'103.160.184.4',6,1682091611),(2,'Pelimutono','DD693DDEEB508182AB7B54BD643946AF8BEFF8527F9764CBF513B20D20C78D5F','cuyc\\=hdm5={^BRR=_QhD^F=Rb}j9QzlNptotkZD@k[2dYJc9p>uILtGah?x_4C;',0,0,'182.253.244.1',10,1682104251),(5,'Swas','0735D5ECEDCE7D95C48DA54E1F38DC2E29CF2B888449C983AEC23612BB0D1718','@@aQbBDKS=Ru1K|EPH>Jw14]c>wAYE?CBhQcx[b:noXwZ6XIH]zGhfJ}O@DGafFz',1085160583915131010,278076,'103.147.73.9',0,1682215825),(6,'Brayen','5D4C4E31CF44F222B5D34B8BF174C10A7F4BFB826A0C905C2CB13BD9E9B35D0F','Y6Kb}XV[8`cR2u0x1oWXVd{ezp/S01Ws_E0zFAcA8[lafDKue^ndU2{?T[8<{LHk',1085906387248353371,280949,'114.5.249.112',0,1682216836),(7,'Aero','DAAEF3FA54AAD25E042E8AC2A0E51F790DEA22346DF901B7E287DE77ACEE9695','}LHogS8o_C6ED2/nWzaN?_eH:|mAFh<f2f5J4c]EG{pE1;TEGrXy6;KfTv^EOg:Z',649775867618131987,658127,'103.147.73.9',6,1682217026),(8,'ParrellID','E934FD7E1BA5545B7A84A6EAF40EB377C4F1529A106031115DBDAC4637BB754E','6|il}x=jWyMXo;G[FR[DUBo:hNHDb7IO[JpK9r7JEB8Xk?QyFn4Bjc:aRZ{W0K3U',692543014463340635,701808,'103.160.184.12',6,1682218337),(9,'JhonAndreas','9F7B5CF5A674694BB3CA8D1B0D8EBB313AED3B76E59098DAE44C5D05FCFAAB3A','Sp`aq]lo^P3<Ch7=Q44Pgm;erOGwVThU0LRzyG|;>Agjb|n<AT}fJadN;Wsrua9H',1033954340244828200,574404,'140.213.100.105',0,1682219926),(11,'kntl','None','',1042438651637936128,588052,'127.0.0.1',0,1682226581),(12,'vandem','None','',279547762016518146,922007,'127.0.0.1',0,1682230599),(14,'Vaschoo','None','',1086659661471690752,411429,'127.0.0.1',0,1682240441),(15,'axtznv','None','',1017824068617113690,412801,'127.0.0.1',0,1682262891),(16,'ReyLim','None','',996777537189457951,403810,'127.0.0.1',0,1682336230),(17,'anyone','None','',702703775080513539,136955,'127.0.0.1',0,1682346631),(18,'Sendal','None','',746734657172668488,471227,'127.0.0.1',0,1682400277),(19,'reexyzn','None','',960898517973483540,408776,'127.0.0.1',0,1682480551),(21,'razor','None','',761796141729710092,608984,'127.0.0.1',0,1682582394),(23,'vndm','None','',465207140131405834,188437,'127.0.0.1',0,1682785988),(24,'Kontolodon','None','',1083684680978669609,872454,'127.0.0.1',0,1682800568),(25,'alison','None','',962707331127320576,855089,'127.0.0.1',0,1682827675),(26,'Bstd','None','',995234043425726505,518341,'127.0.0.1',0,1683035410),(27,'JohnANAKRAJIN','None','',1068153207571894283,170095,'127.0.0.1',0,1683080292),(28,'Jimmy','None','',857160156151545886,428776,'127.0.0.1',0,1683113879);
/*!40000 ALTER TABLE `ucp` ENABLE KEYS */;
UNLOCK TABLES;

--
-- Table structure for table `vehicle`
--

DROP TABLE IF EXISTS `vehicle`;
/*!40101 SET @saved_cs_client     = @@character_set_client */;
/*!40101 SET character_set_client = utf8 */;
CREATE TABLE `vehicle` (
  `id` int(11) unsigned NOT NULL AUTO_INCREMENT,
  `owner` int(11) NOT NULL,
  `model` int(11) NOT NULL DEFAULT '0',
  `color1` int(11) NOT NULL DEFAULT '0',
  `color2` int(11) NOT NULL DEFAULT '0',
  `paintjob` int(11) NOT NULL DEFAULT '-1',
  `neon` int(11) NOT NULL DEFAULT '0',
  `locked` int(11) NOT NULL DEFAULT '0',
  `insu` int(11) NOT NULL DEFAULT '1',
  `claim` int(11) NOT NULL DEFAULT '0',
  `claim_time` bigint(15) NOT NULL DEFAULT '0',
  `plate` varchar(50) NOT NULL DEFAULT 'None',
  `plate_time` bigint(16) NOT NULL DEFAULT '0',
  `ticket` int(11) unsigned NOT NULL DEFAULT '0',
  `price` int(11) NOT NULL DEFAULT '200000',
  `health` float NOT NULL DEFAULT '1000',
  `fuel` int(11) NOT NULL DEFAULT '1000',
  `x` float NOT NULL DEFAULT '0',
  `y` float NOT NULL DEFAULT '0',
  `z` float NOT NULL DEFAULT '0',
  `a` float NOT NULL DEFAULT '0',
  `int` int(11) NOT NULL DEFAULT '0',
  `vw` int(11) NOT NULL DEFAULT '0',
  `damage0` int(11) NOT NULL DEFAULT '0',
  `damage1` int(11) NOT NULL DEFAULT '0',
  `damage2` int(11) NOT NULL DEFAULT '0',
  `damage3` int(11) NOT NULL DEFAULT '0',
  `mod0` int(11) NOT NULL DEFAULT '0',
  `mod1` int(11) NOT NULL DEFAULT '0',
  `mod2` int(11) NOT NULL DEFAULT '0',
  `mod3` int(11) NOT NULL DEFAULT '0',
  `mod4` int(11) NOT NULL DEFAULT '0',
  `mod5` int(11) NOT NULL DEFAULT '0',
  `mod6` int(11) NOT NULL DEFAULT '0',
  `mod7` int(11) NOT NULL DEFAULT '0',
  `mod8` int(11) NOT NULL DEFAULT '0',
  `mod9` int(11) NOT NULL DEFAULT '0',
  `mod10` int(11) NOT NULL DEFAULT '0',
  `mod11` int(11) NOT NULL DEFAULT '0',
  `mod12` int(11) NOT NULL DEFAULT '0',
  `mod13` int(11) NOT NULL DEFAULT '0',
  `mod14` int(11) NOT NULL DEFAULT '0',
  `mod15` int(11) NOT NULL DEFAULT '0',
  `mod16` int(11) NOT NULL DEFAULT '0',
  `lumber` int(11) NOT NULL DEFAULT '-1',
  `metal` int(11) NOT NULL DEFAULT '0',
  `coal` int(11) NOT NULL DEFAULT '0',
  `product` int(11) NOT NULL DEFAULT '0',
  `gasoil` int(11) NOT NULL DEFAULT '0',
  `rental` bigint(16) NOT NULL DEFAULT '0',
  `park` int(11) NOT NULL DEFAULT '-1',
  `garage` int(11) NOT NULL DEFAULT '-1',
  PRIMARY KEY (`id`)
) ENGINE=MyISAM AUTO_INCREMENT=17 DEFAULT CHARSET=latin1;
/*!40101 SET character_set_client = @saved_cs_client */;

--
-- Dumping data for table `vehicle`
--

LOCK TABLES `vehicle` WRITE;
/*!40000 ALTER TABLE `vehicle` DISABLE KEYS */;
INSERT INTO `vehicle` VALUES (16,1,586,1,1,-1,0,0,3,0,0,'NoHave',0,0,20000,8000,3000,1813.35,-1842.48,13.1731,0.000041,0,0,0,0,0,0,0,0,0,0,0,0,0,0,0,0,0,0,0,0,0,0,0,-1,0,0,0,0,0,-1,-1),(2,1,560,1,1,-1,0,0,3,0,0,'LP-7004',1683475176,0,85000,2000,1000,1822.01,-1847.58,13.3102,249.768,0,0,0,0,0,0,0,0,0,0,0,0,0,0,0,0,0,0,0,0,0,0,0,-1,0,0,0,0,0,-1,2),(3,2,521,1,1,-1,0,0,3,0,0,'NoHave',0,0,18500,8000,2880,1840.07,-1865.11,13.6567,198.577,0,0,0,0,0,0,0,0,0,0,0,0,0,0,0,0,0,0,0,0,0,0,0,-1,0,0,0,0,0,-1,0),(4,1,422,1,1,-1,0,0,3,0,0,'LP-5221',1683477516,0,10000,2000,1000,1825.15,-1841.31,13.5083,103.209,0,0,0,0,0,0,0,0,0,0,0,0,0,0,0,0,0,0,0,0,0,0,0,-1,0,0,0,0,0,-1,-1),(5,2,468,1,1,-1,0,0,3,0,0,'NoHave',0,0,30000,7840.54,2880,1549.31,-1668.38,13.8334,279.385,0,0,0,0,0,0,0,0,0,0,0,0,0,0,0,0,0,0,0,0,0,0,0,-1,0,0,0,0,0,-1,0),(6,2,475,0,0,-1,0,0,3,0,0,'LP-3155',1683479540,0,50000,1000,1000,2108.29,-1777.33,13.5729,279.477,0,0,0,0,0,0,0,0,0,0,0,0,0,0,0,0,0,0,0,0,0,0,0,-1,0,0,0,0,0,-1,-1),(7,6,586,1,1,-1,0,0,3,0,0,'NoHave',0,0,20000,7928.13,2760,1184.28,-1319.9,16.0952,54.2415,0,0,0,0,0,0,0,0,0,0,0,0,0,0,0,0,0,0,0,0,0,0,0,-1,0,0,0,0,0,-1,0),(8,6,468,1,1,-1,0,0,3,0,0,'NoHave',0,0,30000,7423.96,2925,1474.98,-1766.5,20.9797,353.121,0,0,0,0,0,0,0,0,0,0,0,0,0,0,0,0,0,0,0,0,0,0,0,-1,0,0,0,0,0,-1,0),(9,6,470,3,3,-1,0,0,3,0,0,'LP-4220',1683559079,0,50000,350,1000,1620.05,-1797.93,14.9099,179.037,0,0,1048577,0,1,0,0,0,0,0,0,0,0,0,0,0,0,0,0,0,0,0,0,-1,0,0,0,0,0,-1,-1),(10,5,424,3,3,-1,0,0,2,1,1682384153,'NoHave',0,0,50000,2000,1000,1827.52,-1857.69,13.9781,289.974,0,0,0,0,0,0,0,0,0,0,0,0,0,0,0,0,0,0,0,0,0,0,0,-1,0,0,0,0,0,-1,-1),(11,5,424,3,3,-1,0,0,3,0,0,'NoHave',0,0,50000,2000,1000,1517.29,-694.025,94.7914,188.937,0,0,0,0,0,0,0,0,0,0,0,0,0,0,0,0,0,0,0,0,0,0,0,-1,0,0,0,0,0,-1,0),(12,5,571,3,3,-1,0,0,3,0,0,'NoHave',0,0,-1,1406.22,790,1827.03,-1863.81,12.7746,250.31,0,0,3211267,0,1,0,0,0,0,0,0,0,0,0,0,0,0,0,0,0,0,0,0,-1,0,0,0,0,0,-1,-1),(13,6,468,1,1,-1,0,0,3,0,0,'NoHave',0,0,30000,8000,2970,2836.54,-1951.32,10.9057,175.109,0,0,0,0,0,0,0,0,0,0,0,0,0,0,0,0,0,0,0,0,0,0,0,-1,0,0,0,0,0,-1,0),(14,6,468,1,1,-1,0,0,3,0,0,'NoHave',0,0,30000,7846.93,3000,832.365,-858.043,69.6907,199.49,0,0,0,0,0,0,0,0,0,0,0,0,0,0,0,0,0,0,0,0,0,0,0,-1,0,0,0,0,0,-1,1),(15,6,522,3,3,-1,0,0,3,0,0,'NoHave',0,0,50000,1699.01,1000,831.962,-857.739,69.5854,68.0252,0,0,0,0,0,0,0,0,0,0,0,0,0,0,0,0,0,0,0,0,0,0,0,-1,0,0,0,0,0,-1,1);
/*!40000 ALTER TABLE `vehicle` ENABLE KEYS */;
UNLOCK TABLES;

--
-- Table structure for table `vehicle_object`
--

DROP TABLE IF EXISTS `vehicle_object`;
/*!40101 SET @saved_cs_client     = @@character_set_client */;
/*!40101 SET character_set_client = utf8 */;
CREATE TABLE `vehicle_object` (
  `id` int(10) unsigned NOT NULL AUTO_INCREMENT,
  `model` int(10) unsigned DEFAULT NULL,
  `vehicle` int(10) unsigned DEFAULT NULL,
  `color` int(24) DEFAULT NULL,
  `type` tinyint(2) unsigned DEFAULT NULL,
  `x` float DEFAULT NULL,
  `y` float DEFAULT NULL,
  `z` float DEFAULT NULL,
  `rx` float DEFAULT NULL,
  `ry` float DEFAULT NULL,
  `rz` float DEFAULT NULL,
  `text` varchar(32) DEFAULT 'Text',
  `font` varchar(24) DEFAULT NULL,
  `fontcolor` int(10) unsigned DEFAULT NULL,
  `fontsize` int(10) unsigned DEFAULT NULL,
  PRIMARY KEY (`id`)
) ENGINE=InnoDB AUTO_INCREMENT=3 DEFAULT CHARSET=latin1;
/*!40101 SET character_set_client = @saved_cs_client */;

--
-- Dumping data for table `vehicle_object`
--

LOCK TABLES `vehicle_object` WRITE;
/*!40000 ALTER TABLE `vehicle_object` DISABLE KEYS */;
INSERT INTO `vehicle_object` VALUES (1,1002,2,0,1,-0.000122,-0.000244,0.769779,0,0,0,'','',0,0),(2,18661,6,0,2,-1.09253,-0.002685,-0.095417,0,0,-0.001153,'PELI GEDI','Arial',1,100);
/*!40000 ALTER TABLE `vehicle_object` ENABLE KEYS */;
UNLOCK TABLES;

--
-- Table structure for table `vouchers`
--

DROP TABLE IF EXISTS `vouchers`;
/*!40101 SET @saved_cs_client     = @@character_set_client */;
/*!40101 SET character_set_client = utf8 */;
CREATE TABLE `vouchers` (
  `id` int(11) NOT NULL,
  `code` int(11) NOT NULL DEFAULT '0',
  `vip` int(11) NOT NULL DEFAULT '0',
  `vip_time` int(11) NOT NULL DEFAULT '0',
  `gold` int(11) NOT NULL DEFAULT '0',
  `admin` varchar(16) NOT NULL DEFAULT 'None',
  `donature` varchar(16) NOT NULL DEFAULT 'None',
  `claim` int(11) NOT NULL DEFAULT '0',
  PRIMARY KEY (`id`)
) ENGINE=MyISAM DEFAULT CHARSET=latin1;
/*!40101 SET character_set_client = @saved_cs_client */;

--
-- Dumping data for table `vouchers`
--

LOCK TABLES `vouchers` WRITE;
/*!40000 ALTER TABLE `vouchers` DISABLE KEYS */;
INSERT INTO `vouchers` VALUES (0,15567,2,21,0,'Alfan','Aaron_Reizer',1);
/*!40000 ALTER TABLE `vouchers` ENABLE KEYS */;
UNLOCK TABLES;

--
-- Table structure for table `weaponsettings`
--

DROP TABLE IF EXISTS `weaponsettings`;
/*!40101 SET @saved_cs_client     = @@character_set_client */;
/*!40101 SET character_set_client = utf8 */;
CREATE TABLE `weaponsettings` (
  `Owner` int(11) NOT NULL,
  `WeaponID` tinyint(4) NOT NULL,
  `PosX` float DEFAULT '-0.116',
  `PosY` float DEFAULT '0.189',
  `PosZ` float DEFAULT '0.088',
  `RotX` float DEFAULT '0',
  `RotY` float DEFAULT '44.5',
  `RotZ` float DEFAULT '0',
  `Bone` tinyint(4) NOT NULL DEFAULT '1',
  `Hidden` tinyint(4) NOT NULL DEFAULT '0',
  PRIMARY KEY (`Owner`,`WeaponID`),
  UNIQUE KEY `Owner` (`Owner`,`WeaponID`)
) ENGINE=MyISAM DEFAULT CHARSET=latin1;
/*!40101 SET character_set_client = @saved_cs_client */;

--
-- Dumping data for table `weaponsettings`
--

LOCK TABLES `weaponsettings` WRITE;
/*!40000 ALTER TABLE `weaponsettings` DISABLE KEYS */;
/*!40000 ALTER TABLE `weaponsettings` ENABLE KEYS */;
UNLOCK TABLES;

--
-- Table structure for table `workshop`
--

DROP TABLE IF EXISTS `workshop`;
/*!40101 SET @saved_cs_client     = @@character_set_client */;
/*!40101 SET character_set_client = utf8 */;
CREATE TABLE `workshop` (
  `id` int(11) NOT NULL,
  `owner` varchar(25) NOT NULL DEFAULT '-',
  `ownerid` int(11) NOT NULL DEFAULT '0',
  `posx` float NOT NULL DEFAULT '0',
  `posy` float NOT NULL DEFAULT '0',
  `posz` float NOT NULL DEFAULT '0',
  `component` int(11) NOT NULL DEFAULT '0',
  `material` int(11) NOT NULL DEFAULT '0',
  `money` int(11) NOT NULL DEFAULT '0',
  `name` varchar(26) NOT NULL DEFAULT '-',
  `status` int(11) NOT NULL DEFAULT '0',
  `price` int(11) NOT NULL DEFAULT '0',
  `employe0` varchar(25) NOT NULL DEFAULT '-',
  `employe1` varchar(25) NOT NULL DEFAULT '-',
  `employe2` varchar(25) NOT NULL DEFAULT '-',
  PRIMARY KEY (`id`)
) ENGINE=InnoDB DEFAULT CHARSET=latin1;
/*!40101 SET character_set_client = @saved_cs_client */;

--
-- Dumping data for table `workshop`
--

LOCK TABLES `workshop` WRITE;
/*!40000 ALTER TABLE `workshop` DISABLE KEYS */;
/*!40000 ALTER TABLE `workshop` ENABLE KEYS */;
UNLOCK TABLES;
/*!40103 SET TIME_ZONE=@OLD_TIME_ZONE */;

/*!40101 SET SQL_MODE=@OLD_SQL_MODE */;
/*!40014 SET FOREIGN_KEY_CHECKS=@OLD_FOREIGN_KEY_CHECKS */;
/*!40014 SET UNIQUE_CHECKS=@OLD_UNIQUE_CHECKS */;
/*!40101 SET CHARACTER_SET_CLIENT=@OLD_CHARACTER_SET_CLIENT */;
/*!40101 SET CHARACTER_SET_RESULTS=@OLD_CHARACTER_SET_RESULTS */;
/*!40101 SET COLLATION_CONNECTION=@OLD_COLLATION_CONNECTION */;
/*!40111 SET SQL_NOTES=@OLD_SQL_NOTES */;

-- Dump completed on 2023-05-06 21:53:59
